<?xml version="1.0" encoding="UTF-8"?>
<Ground><Message><property><LineOfBusiness>00001</LineOfBusiness><INTERCEPT_CREDIT>N</INTERCEPT_CREDIT><BATCH_ID>20150621</BATCH_ID><MSG_UID>1517102879837</MSG_UID><PFI_REPLAY_ID>1517102879837</PFI_REPLAY_ID></property><PFIRATED><![CDATA[<?xml version="1.0" encoding="UTF-8" standalone="yes"?>
<ns4:PFIRated vrsnNbr="1.1.1" publisherID="4" msgUID="1517102879837" msgTmstmp="2015-06-21T06:00:00" coCd="009" xmlns:ns2="http://xmlns.fedex.com/FDXREV.PFIRated.Shared/1.1.1" xmlns:ns4="http://xmlns.fedex.com/FDXREV.PFIRated/1.1.1" xmlns:ns3="http://xmlns.fedex.com/FDXREV.PFIRated.FXG/1.1.1" xmlns:ns5="http://ags.fedex.com/chagCodeCategory/">
    <ns4:rtngPrfl slctTmstmp="2015-06-21T06:00:00" revTranTypeCd="18" rateDt="2015-06-19T00:00:00" globalEntID="0">
        <ns4:charges>
            <ns4:charge ftrNbr="0.00" ctgyCd="N" code="050" PFI_ID="28798372" ID="ID_01">
                <ns4:ratedAmt val="11.70" currCd="USD"/>
            </ns4:charge>
            <ns4:charge ftrNbr="6.50" ctgyCd="S" code="819" PFI_ID="28798373" ID="ID_02">
                <ns4:ratedAmt val="0.79" currCd="USD"/>
            </ns4:charge>
            <ns4:charge ctgyCd="S" code="960" PFI_ID="2879841" ID="ID_03">
                <ns4:ratedAmt val="0.50" currCd="USD"/>
            </ns4:charge>
        </ns4:charges>
        <ns4:othrAmt>
            <ns4:amt val="12.99" type="itemNet" currCd="USD"/>
        </ns4:othrAmt>
        <ns4:opCoSpecific>
            <ns3:FDXFXG.RatingData versionNbr="1.1.1" svcCd="915" sortKey="805" custRefDate="2015-06-19" callTagAccessCd=" ">
                <ns3:alternateInfo trkngNbr="            " pfxTrkngNbr="00000000"/>
            </ns3:FDXFXG.RatingData>
        </ns4:opCoSpecific>
    </ns4:rtngPrfl>
    <ns4:invcngRqstInfo ldgrCmpny="009" LOBCd="00001">
        <ns4:billToInfo pymtPyrCd="1" pymtMthdCd="01" mediaTypeCd="0" currCd="USD" brkrNriInd="Y" blngCycleCd="00" bkrkInclInd="B"/>
        <ns4:billToAddr lglEntity="USA" cntryCd="US" acctNbr="601925800"/>
        <ns4:shpprAddr acctNbr="601925800"/>
        <ns4:rcpntAddr custNm="ADDRESS UNAVAILABLE"/>
        <ns4:refNotes shpr="PLC 14.3 basic EDI            " purchOrdr="1.23457E+28                   " invoice="9000000000                    " dept="5N3V3MRA                      "/>
        <ns4:rebill rsnCd="RSA" revStageSqncNbr="0" pkgSqncNbr="421140752" orgnlSrcSysID="LPAPP" orgnlInvNbr="421140752" orgnlInvDt="2015-06-19T00:00:00" messageID="" empID="0005008158" RACN="6033"/>
        <ns4:statCdInfo type="InfoMsg" engnCd="GD" code="5528"/>
        <ns4:statCdInfo type="InfoMsg" engnCd="GD" code="5526"/>
    </ns4:invcngRqstInfo>
    <ns4:svcInfo trkngNbrPfx="41992000" trkngNbr="028420450294" svcDt="2015-05-27" sqncNbr="2879837" rqstdSvcCd="95" revDt="2015-05-27" ratedSvcCd="95">
        <ns4:transportation totPkgQty="1" rcptMthdCd="R">
            <ns4:pkg subClassPstlCd="B" srtHubDesc="Edison         " sqncNbr="421140752" ratedAsPkgngTypeCd="01" prcsCtgCd="M" prclSizeTypeCd="N" pkgngTypeCd="01">
                <ns4:ID>
                    <ns4:trkngNbrPfx>41992000</ns4:trkngNbrPfx>
                    <ns4:trkngItmNbr>028420450294</ns4:trkngItmNbr>
                </ns4:ID>
                <ns4:dimensions>
                    <ns4:rated wdthQty="4" ovrSzCd="N" lenQty="6" hghtQty="1" UOM="I"/>
                </ns4:dimensions>
                <ns4:dlvryInfo tenderedDt="2015-05-27" dlvryCnfrmFlg="Y" actlDlvryDt="2015-05-27T00:00:00"/>
                <ns4:scanInfo>
                    <ns4:orgnlScan shpDt="20150527" rateSrcCd="SMP" acctNbr="601925800"/>
                </ns4:scanInfo>
                <ns4:weight>
                    <ns2:rated val="5.00" UOM="L"/>
                    <ns2:cust val="5.00" UOM="L"/>
                    <ns2:actual val="5.00" UOM="L"/>
                </ns4:weight>
            </ns4:pkg>
            <ns4:wghts>
                <ns2:rated val="5.00" UOM="L"/>
                <ns2:cust val="5.00" UOM="L"/>
                <ns2:actual val="5.00" UOM="L"/>
            </ns4:wghts>
        </ns4:transportation>
        <ns4:ratedOrigin sttnID="5087" region=" 8" pstlCd="92627      " lglEnty="USA" currCd="USD" cntryCd="US" ID="EDNJ"/>
        <ns4:ratedDest pstlCd="06330      " lglEnty="USA" currCd="USD" cntryCd="US" ID="    "/>
        <ns4:origin zone=" 8" sttnID="5087" pstlCd="92627      " lglEnty="USA" currCd="USD" cntryCd="US" ID="EDNJ"/>
        <ns4:dest pstlCd="06330      " lglEnty="USA" currCd="USD" cntryCd="US" ID="    "/>
        <ns4:qltyOfSvc svcRndrdCommitCd="false"/>
        <ns4:automtnInfo revAcctngSrcSys="SMP" orgnlSrcSysID="SMPT" mtrNbr="100248438" dvcNm="SMP"/>
    </ns4:svcInfo>
    <ns4:publish type="PFI" tpcNm="FDXREV.Smartpost.Rated.Inbound" msgUID="1517102879837"/>
    <ns4:revAcctngInfo revStgSqncNbr="1" revStgCd="1000" revCoCd="009" ldgrEnty="USA"/>
</ns4:PFIRated>]]></PFIRATED><RCCECONTROL><![CDATA[<?xml version="1.0" encoding="UTF-8" standalone="yes"?>
<RCCEControlMessage xmlns:ns2="http://xmlns.fedex.com/FDXREV.PFIRated.Shared/1.1.1" xmlns:ns4="http://xmlns.fedex.com/FDXREV.PFIRated/1.1.1" xmlns:ns3="http://xmlns.fedex.com/FDXREV.PFIRated.FXG/1.1.1" xmlns:ns5="http://ags.fedex.com/chagCodeCategory/">
    <CompanyCode>009</CompanyCode>
    <CreditTypeCode>X</CreditTypeCode>
    <HashAmount>12.99</HashAmount>
    <LineOfBusinessCode>00001</LineOfBusinessCode>
    <NamespaceName>GNDR.PFI.SMP</NamespaceName>
    <TransmitTimestamp>20150621 06:00:00</TransmitTimestamp>
    <TransactionName>GRPUB</TransactionName>
    <TransactionQuantity>1</TransactionQuantity>
    <PublisherID>42</PublisherID>
    <MessageID>1517102879837</MessageID>
    <DebugInformationDescription>Debug Information for GRPUB</DebugInformationDescription>
    <TimeZone>GMT</TimeZone>
    <VersionNumber>1.2.9</VersionNumber>
</RCCEControlMessage>]]></RCCECONTROL></Message><Message><property><LineOfBusiness>00001</LineOfBusiness><INTERCEPT_CREDIT>N</INTERCEPT_CREDIT><BATCH_ID>20150621</BATCH_ID><MSG_UID>1517102879840</MSG_UID><PFI_REPLAY_ID>1517102879840</PFI_REPLAY_ID></property><PFIRATED><![CDATA[<?xml version="1.0" encoding="UTF-8" standalone="yes"?>
<ns4:PFIRated vrsnNbr="1.1.1" publisherID="4" msgUID="1517102879840" msgTmstmp="2015-06-21T06:00:00" coCd="009" xmlns:ns2="http://xmlns.fedex.com/FDXREV.PFIRated.Shared/1.1.1" xmlns:ns4="http://xmlns.fedex.com/FDXREV.PFIRated/1.1.1" xmlns:ns3="http://xmlns.fedex.com/FDXREV.PFIRated.FXG/1.1.1" xmlns:ns5="http://ags.fedex.com/chagCodeCategory/">
    <ns4:rtngPrfl slctTmstmp="2015-06-21T06:00:00" revTranTypeCd="18" rateDt="2015-06-19T00:00:00" globalEntID="0">
        <ns4:charges>
            <ns4:charge ftrNbr="0.00" ctgyCd="N" code="050" PFI_ID="28798402" ID="ID_01">
                <ns4:ratedAmt val="40.03" currCd="USD"/>
            </ns4:charge>
            <ns4:charge ftrNbr="6.50" ctgyCd="S" code="819" PFI_ID="28798403" ID="ID_02">
                <ns4:ratedAmt val="2.63" currCd="USD"/>
            </ns4:charge>
            <ns4:charge ctgyCd="S" code="970" PFI_ID="2879844" ID="ID_03">
                <ns4:ratedAmt val="0.50" currCd="USD"/>
            </ns4:charge>
        </ns4:charges>
        <ns4:othrAmt>
            <ns4:amt val="43.16" type="itemNet" currCd="USD"/>
        </ns4:othrAmt>
        <ns4:opCoSpecific>
            <ns3:FDXFXG.RatingData versionNbr="1.1.1" svcCd="918" sortKey="808" custRefDate="2015-06-19" callTagAccessCd=" ">
                <ns3:alternateInfo trkngNbr="            " pfxTrkngNbr="00000000"/>
            </ns3:FDXFXG.RatingData>
        </ns4:opCoSpecific>
    </ns4:rtngPrfl>
    <ns4:invcngRqstInfo ldgrCmpny="009" LOBCd="00001">
        <ns4:billToInfo pymtPyrCd="1" pymtMthdCd="01" mediaTypeCd="0" currCd="USD" brkrNriInd="N" blngCycleCd="00" bkrkInclInd="P"/>
        <ns4:billToAddr lglEntity="USA" cntryCd="US" acctNbr="606507402"/>
        <ns4:shpprAddr acctNbr="606507402"/>
        <ns4:rcpntAddr custNm="ADDRESS UNAVAILABLE"/>
        <ns4:refNotes purchOrdr="1.23457E+28                   " invoice="9000000003                    " dept="5RQW419V                      "/>
        <ns4:rebill rsnCd="RSA" revStageSqncNbr="0" pkgSqncNbr="421144461" orgnlSrcSysID="LPAPP" orgnlInvNbr="421144461" orgnlInvDt="2015-06-19T00:00:00" messageID="" empID="0005008158" RACN="6036"/>
        <ns4:statCdInfo type="InfoMsg" engnCd="GD" code="5522"/>
        <ns4:statCdInfo type="InfoMsg" engnCd="GD" code="5526"/>
    </ns4:invcngRqstInfo>
    <ns4:svcInfo trkngNbrPfx="02393000" trkngNbr="021220000139" svcDt="2015-06-08" sqncNbr="2879840" rqstdSvcCd="95" revDt="2015-06-08" ratedSvcCd="95">
        <ns4:transportation totPkgQty="1" rcptMthdCd="R">
            <ns4:pkg subClassPstlCd="P" srtHubDesc="New Berlin     " sqncNbr="421144461" ratedAsPkgngTypeCd="01" prcsCtgCd="I" prclSizeTypeCd="N" pkgngTypeCd="01">
                <ns4:ID>
                    <ns4:trkngNbrPfx>02393000</ns4:trkngNbrPfx>
                    <ns4:trkngItmNbr>021220000139</ns4:trkngItmNbr>
                </ns4:ID>
                <ns4:dimensions>
                    <ns4:rated wdthQty="4" ovrSzCd="N" lenQty="6" hghtQty="1" UOM="I"/>
                </ns4:dimensions>
                <ns4:dlvryInfo tenderedDt="2015-06-08" dlvryCnfrmFlg="N" actlDlvryDt="2015-06-08T00:00:00"/>
                <ns4:scanInfo>
                    <ns4:orgnlScan shpDt="20150608" rateSrcCd="SMP" acctNbr="606507402"/>
                </ns4:scanInfo>
                <ns4:weight>
                    <ns2:rated val="70.00" UOM="L"/>
                    <ns2:cust val="70.00" UOM="L"/>
                    <ns2:actual val="70.00" UOM="L"/>
                </ns4:weight>
            </ns4:pkg>
            <ns4:wghts>
                <ns2:rated val="70.00" UOM="L"/>
                <ns2:cust val="70.00" UOM="L"/>
                <ns2:actual val="70.00" UOM="L"/>
            </ns4:wghts>
        </ns4:transportation>
        <ns4:ratedOrigin sttnID="5531" region=" 5" pstlCd="53151      " lglEnty="USA" currCd="USD" cntryCd="US" ID="NBWI"/>
        <ns4:ratedDest pstlCd="010079842  " lglEnty="USA" currCd="USD" cntryCd="US" ID="    "/>
        <ns4:origin zone=" 5" sttnID="5531" pstlCd="53151      " lglEnty="USA" currCd="USD" cntryCd="US" ID="NBWI"/>
        <ns4:dest pstlCd="010079842  " lglEnty="USA" currCd="USD" cntryCd="US" ID="    "/>
        <ns4:qltyOfSvc svcRndrdCommitCd="false"/>
        <ns4:automtnInfo revAcctngSrcSys="SMP" orgnlSrcSysID="SMPT" mtrNbr="100243486" dvcNm="SMP"/>
    </ns4:svcInfo>
    <ns4:relatedTranInfo>
        <ns4:trkngAssociation type="T" trkngNbr="000000000000" rltspCd="P" pfxTrkngNbr="00000000"/>
    </ns4:relatedTranInfo>
    <ns4:publish type="PFI" tpcNm="FDXREV.Smartpost.Rated.Inbound" msgUID="1517102879840"/>
    <ns4:revAcctngInfo revStgSqncNbr="1" revStgCd="1000" revCoCd="009" ldgrEnty="USA"/>
</ns4:PFIRated>]]></PFIRATED><RCCECONTROL><![CDATA[<?xml version="1.0" encoding="UTF-8" standalone="yes"?>
<RCCEControlMessage xmlns:ns2="http://xmlns.fedex.com/FDXREV.PFIRated.Shared/1.1.1" xmlns:ns4="http://xmlns.fedex.com/FDXREV.PFIRated/1.1.1" xmlns:ns3="http://xmlns.fedex.com/FDXREV.PFIRated.FXG/1.1.1" xmlns:ns5="http://ags.fedex.com/chagCodeCategory/">
    <CompanyCode>009</CompanyCode>
    <CreditTypeCode>X</CreditTypeCode>
    <HashAmount>43.16</HashAmount>
    <LineOfBusinessCode>00001</LineOfBusinessCode>
    <NamespaceName>GNDR.PFI.SMP</NamespaceName>
    <TransmitTimestamp>20150621 06:00:00</TransmitTimestamp>
    <TransactionName>GRPUB</TransactionName>
    <TransactionQuantity>1</TransactionQuantity>
    <PublisherID>42</PublisherID>
    <MessageID>1517102879840</MessageID>
    <DebugInformationDescription>Debug Information for GRPUB</DebugInformationDescription>
    <TimeZone>GMT</TimeZone>
    <VersionNumber>1.2.9</VersionNumber>
</RCCEControlMessage>]]></RCCECONTROL></Message><Message><property><LineOfBusiness>00001</LineOfBusiness><INTERCEPT_CREDIT>N</INTERCEPT_CREDIT><BATCH_ID>20150621</BATCH_ID><MSG_UID>1517102879843</MSG_UID><PFI_REPLAY_ID>1517102879843</PFI_REPLAY_ID></property><PFIRATED><![CDATA[<?xml version="1.0" encoding="UTF-8" standalone="yes"?>
<ns4:PFIRated vrsnNbr="1.1.1" publisherID="4" msgUID="1517102879843" msgTmstmp="2015-06-21T06:00:00" coCd="009" xmlns:ns2="http://xmlns.fedex.com/FDXREV.PFIRated.Shared/1.1.1" xmlns:ns4="http://xmlns.fedex.com/FDXREV.PFIRated/1.1.1" xmlns:ns3="http://xmlns.fedex.com/FDXREV.PFIRated.FXG/1.1.1" xmlns:ns5="http://ags.fedex.com/chagCodeCategory/">
    <ns4:rtngPrfl slctTmstmp="2015-06-21T06:00:00" revTranTypeCd="18" rateDt="2015-06-19T00:00:00" globalEntID="0">
        <ns4:charges>
            <ns4:charge ftrNbr="0.00" ctgyCd="N" code="050" PFI_ID="28798432" ID="ID_01">
                <ns4:ratedAmt val="24.82" currCd="USD"/>
            </ns4:charge>
            <ns4:charge ftrNbr="6.50" ctgyCd="S" code="819" PFI_ID="28798433" ID="ID_02">
                <ns4:ratedAmt val="1.66" currCd="USD"/>
            </ns4:charge>
            <ns4:charge ctgyCd="S" code="962" PFI_ID="2879847" ID="ID_03">
                <ns4:ratedAmt val="0.70" currCd="USD"/>
            </ns4:charge>
        </ns4:charges>
        <ns4:othrAmt>
            <ns4:amt val="27.18" type="itemNet" currCd="USD"/>
        </ns4:othrAmt>
        <ns4:opCoSpecific>
            <ns3:FDXFXG.RatingData versionNbr="1.1.1" svcCd="915" sortKey="805" custRefDate="2015-06-19" callTagAccessCd=" ">
                <ns3:alternateInfo trkngNbr="            " pfxTrkngNbr="00000000"/>
            </ns3:FDXFXG.RatingData>
        </ns4:opCoSpecific>
    </ns4:rtngPrfl>
    <ns4:invcngRqstInfo ldgrCmpny="009" LOBCd="00001">
        <ns4:billToInfo pymtPyrCd="3" pymtMthdCd="01" mediaTypeCd="0" currCd="USD" brkrNriInd="Y" blngCycleCd="00" bkrkInclInd="B"/>
        <ns4:billToAddr lglEntity="USA" cntryCd="US" acctNbr="606507402"/>
        <ns4:shpprAddr acctNbr="606790821"/>
        <ns4:rcpntAddr state="AK" pstl="99677      " custNm="                                   " cntryCd="US" cmpnyNm="176636                             " city="TATITLEK            ">
            <ns2:addrLn lineNo="1">1550 RESSEL AVENUE                 </ns2:addrLn>
            <ns2:addrLn lineNo="2">                                   </ns2:addrLn>
        </ns4:rcpntAddr>
        <ns4:refNotes purchOrdr="12345678901234500000000000000 " invoice="9000000003                    " dept="5J3Z2SCT                      "/>
        <ns4:rebill rsnCd="RTA" revStageSqncNbr="0" pkgSqncNbr="120197957" orgnlSrcSysID="MMAS" orgnlInvNbr="120197957" orgnlInvDt="2015-06-19T00:00:00" messageID="" empID="0000995000" RACN="6032"/>
        <ns4:statCdInfo type="InfoMsg" engnCd="GD" code="5526"/>
    </ns4:invcngRqstInfo>
    <ns4:svcInfo trkngNbrPfx="41992000" trkngNbr="070720000013" svcDt="2015-05-18" sqncNbr="2879843" rqstdSvcCd="95" revDt="2015-05-18" ratedSvcCd="95">
        <ns4:transportation totPkgQty="1" rcptMthdCd="R">
            <ns4:pkg subClassPstlCd="B" srtHubDesc="New Berlin     " sqncNbr="120197957" ratedAsPkgngTypeCd="01" prcsCtgCd="M" prclSizeTypeCd="N" pkgngTypeCd="01">
                <ns4:ID>
                    <ns4:trkngNbrPfx>41992000</ns4:trkngNbrPfx>
                    <ns4:trkngItmNbr>070720000013</ns4:trkngItmNbr>
                </ns4:ID>
                <ns4:dimensions>
                    <ns4:rated wdthQty="4" ovrSzCd="N" lenQty="6" hghtQty="1" UOM="I"/>
                </ns4:dimensions>
                <ns4:dlvryInfo tenderedDt="2015-05-18" dlvryCnfrmFlg="Y" actlDlvryDt="2015-05-18T00:00:00"/>
                <ns4:scanInfo>
                    <ns4:orgnlScan shpDt="20150518" rateSrcCd="SMP" acctNbr="606790821"/>
                </ns4:scanInfo>
                <ns4:weight>
                    <ns2:rated val="5.00" UOM="L"/>
                    <ns2:cust val="5.00" UOM="L"/>
                    <ns2:actual val="5.00" UOM="L"/>
                </ns4:weight>
            </ns4:pkg>
            <ns4:wghts>
                <ns2:rated val="5.00" UOM="L"/>
                <ns2:cust val="5.00" UOM="L"/>
                <ns2:actual val="5.00" UOM="L"/>
            </ns4:wghts>
        </ns4:transportation>
        <ns4:ratedOrigin sttnID="5531" region=" A" pstlCd="53151      " lglEnty="USA" currCd="USD" cntryCd="US" ID="NBWI"/>
        <ns4:ratedDest pstlCd="99677      " lglEnty="USA" currCd="USD" cntryCd="US" ID="    "/>
        <ns4:origin zone=" A" sttnID="5531" pstlCd="53151      " lglEnty="USA" currCd="USD" cntryCd="US" ID="NBWI"/>
        <ns4:dest pstlCd="99677      " lglEnty="USA" currCd="USD" cntryCd="US" ID="    "/>
        <ns4:qltyOfSvc svcRndrdCommitCd="false"/>
        <ns4:automtnInfo revAcctngSrcSys="SMP" orgnlSrcSysID="SMPT" mtrNbr="100243492" dvcNm="SMP"/>
    </ns4:svcInfo>
    <ns4:publish type="PFI" tpcNm="FDXREV.Smartpost.Rated.Inbound" msgUID="1517102879843"/>
    <ns4:revAcctngInfo revStgSqncNbr="1" revStgCd="1000" revCoCd="009" ldgrEnty="USA"/>
</ns4:PFIRated>]]></PFIRATED><RCCECONTROL><![CDATA[<?xml version="1.0" encoding="UTF-8" standalone="yes"?>
<RCCEControlMessage xmlns:ns2="http://xmlns.fedex.com/FDXREV.PFIRated.Shared/1.1.1" xmlns:ns4="http://xmlns.fedex.com/FDXREV.PFIRated/1.1.1" xmlns:ns3="http://xmlns.fedex.com/FDXREV.PFIRated.FXG/1.1.1" xmlns:ns5="http://ags.fedex.com/chagCodeCategory/">
    <CompanyCode>009</CompanyCode>
    <CreditTypeCode>X</CreditTypeCode>
    <HashAmount>27.18</HashAmount>
    <LineOfBusinessCode>00001</LineOfBusinessCode>
    <NamespaceName>GNDR.PFI.SMP</NamespaceName>
    <TransmitTimestamp>20150621 06:00:00</TransmitTimestamp>
    <TransactionName>GRPUB</TransactionName>
    <TransactionQuantity>1</TransactionQuantity>
    <PublisherID>42</PublisherID>
    <MessageID>1517102879843</MessageID>
    <DebugInformationDescription>Debug Information for GRPUB</DebugInformationDescription>
    <TimeZone>GMT</TimeZone>
    <VersionNumber>1.2.9</VersionNumber>
</RCCEControlMessage>]]></RCCECONTROL></Message><Message><property><LineOfBusiness>00001</LineOfBusiness><INTERCEPT_CREDIT>N</INTERCEPT_CREDIT><BATCH_ID>20150621</BATCH_ID><MSG_UID>1517102879846</MSG_UID><PFI_REPLAY_ID>1517102879846</PFI_REPLAY_ID></property><PFIRATED><![CDATA[<?xml version="1.0" encoding="UTF-8" standalone="yes"?>
<ns4:PFIRated vrsnNbr="1.1.1" publisherID="4" msgUID="1517102879846" msgTmstmp="2015-06-21T06:00:00" coCd="009" xmlns:ns2="http://xmlns.fedex.com/FDXREV.PFIRated.Shared/1.1.1" xmlns:ns4="http://xmlns.fedex.com/FDXREV.PFIRated/1.1.1" xmlns:ns3="http://xmlns.fedex.com/FDXREV.PFIRated.FXG/1.1.1" xmlns:ns5="http://ags.fedex.com/chagCodeCategory/">
    <ns4:rtngPrfl slctTmstmp="2015-06-21T06:00:00" revTranTypeCd="18" rateDt="2015-06-19T00:00:00" globalEntID="0">
        <ns4:charges>
            <ns4:charge ftrNbr="0.00" ctgyCd="N" code="050" PFI_ID="28798462" ID="ID_01">
                <ns4:ratedAmt val="47.34" currCd="USD"/>
            </ns4:charge>
            <ns4:charge ftrNbr="6.50" ctgyCd="S" code="819" PFI_ID="28798463" ID="ID_02">
                <ns4:ratedAmt val="3.11" currCd="USD"/>
            </ns4:charge>
            <ns4:charge ctgyCd="S" code="950" PFI_ID="2879850" ID="ID_03">
                <ns4:ratedAmt val="0.50" currCd="USD"/>
            </ns4:charge>
        </ns4:charges>
        <ns4:othrAmt>
            <ns4:amt val="50.95" type="itemNet" currCd="USD"/>
        </ns4:othrAmt>
        <ns4:opCoSpecific>
            <ns3:FDXFXG.RatingData versionNbr="1.1.1" svcCd="913" sortKey="803" custRefDate="2015-06-19" callTagAccessCd=" ">
                <ns3:alternateInfo trkngNbr="            " pfxTrkngNbr="00000000"/>
            </ns3:FDXFXG.RatingData>
        </ns4:opCoSpecific>
    </ns4:rtngPrfl>
    <ns4:invcngRqstInfo ldgrCmpny="009" LOBCd="00001">
        <ns4:billToInfo pymtPyrCd="2" pymtMthdCd="01" mediaTypeCd="0" currCd="USD" brkrNriInd="Y" blngCycleCd="00" bkrkInclInd="P"/>
        <ns4:billToAddr lglEntity="USA" cntryCd="US" acctNbr="603645120"/>
        <ns4:shpprAddr acctNbr="606507682"/>
        <ns4:rcpntAddr state="NH" pstl="03044      " custNm="                                   " cntryCd="US" cmpnyNm="176998                             " city="LONDONDERRY         " acctNbr="603645120">
            <ns2:addrLn lineNo="1">4 KITTY HAWK LANDINGLONDONDERR     </ns2:addrLn>
            <ns2:addrLn lineNo="2">                                   </ns2:addrLn>
        </ns4:rcpntAddr>
        <ns4:refNotes shpr="PLC 14.3 Full discount        " purchOrdr="1.23457E+28                   " invoice="9000000004                    " dept="56M4WE17                      "/>
        <ns4:rebill rsnCd="RRA" revStageSqncNbr="0" pkgSqncNbr="120198251" orgnlSrcSysID="LPAPP" orgnlInvNbr="120198251" orgnlInvDt="2015-06-19T00:00:00" messageID="" empID="0005008158" RACN="6033"/>
        <ns4:statCdInfo type="InfoMsg" engnCd="GD" code="5522"/>
        <ns4:statCdInfo type="InfoMsg" engnCd="GD" code="5526"/>
    </ns4:invcngRqstInfo>
    <ns4:svcInfo trkngNbrPfx="61292000" trkngNbr="071120000011" svcDt="2015-05-18" sqncNbr="2879846" rqstdSvcCd="95" revDt="2015-05-18" ratedSvcCd="95">
        <ns4:transportation totPkgQty="1" rcptMthdCd="R">
            <ns4:pkg subClassPstlCd="P" srtHubDesc="New Berlin     " sqncNbr="120198251" ratedAsPkgngTypeCd="01" prcsCtgCd="I" prclSizeTypeCd="N" pkgngTypeCd="01">
                <ns4:ID>
                    <ns4:trkngNbrPfx>61292000</ns4:trkngNbrPfx>
                    <ns4:trkngItmNbr>071120000011</ns4:trkngItmNbr>
                </ns4:ID>
                <ns4:dimensions>
                    <ns4:rated wdthQty="4" ovrSzCd="N" lenQty="6" hghtQty="1" UOM="I"/>
                </ns4:dimensions>
                <ns4:dlvryInfo tenderedDt="2015-05-18" dlvryCnfrmFlg="Y" actlDlvryDt="2015-05-18T00:00:00"/>
                <ns4:scanInfo>
                    <ns4:orgnlScan shpDt="20150518" rateSrcCd="SMP" acctNbr="606507682"/>
                </ns4:scanInfo>
                <ns4:weight>
                    <ns2:rated val="70.00" UOM="L"/>
                    <ns2:cust val="70.00" UOM="L"/>
                    <ns2:actual val="70.00" UOM="L"/>
                </ns4:weight>
            </ns4:pkg>
            <ns4:wghts>
                <ns2:rated val="70.00" UOM="L"/>
                <ns2:cust val="70.00" UOM="L"/>
                <ns2:actual val="70.00" UOM="L"/>
            </ns4:wghts>
        </ns4:transportation>
        <ns4:ratedOrigin sttnID="5531" region=" 5" pstlCd="53151      " lglEnty="USA" currCd="USD" cntryCd="US" ID="NBWI"/>
        <ns4:ratedDest pstlCd="03044      " lglEnty="USA" currCd="USD" cntryCd="US" ID="    "/>
        <ns4:origin zone=" 5" sttnID="5531" pstlCd="53151      " lglEnty="USA" currCd="USD" cntryCd="US" ID="NBWI"/>
        <ns4:dest pstlCd="03044      " lglEnty="USA" currCd="USD" cntryCd="US" ID="    "/>
        <ns4:qltyOfSvc svcRndrdCommitCd="false"/>
        <ns4:automtnInfo revAcctngSrcSys="SMP" orgnlSrcSysID="SMPT" mtrNbr="100067548" dvcNm="SMP"/>
    </ns4:svcInfo>
    <ns4:relatedTranInfo>
        <ns4:trkngAssociation type="T" trkngNbr="000000000000" rltspCd="P" pfxTrkngNbr="00000000"/>
    </ns4:relatedTranInfo>
    <ns4:publish type="PFI" tpcNm="FDXREV.Smartpost.Rated.Inbound" msgUID="1517102879846"/>
    <ns4:revAcctngInfo revStgSqncNbr="1" revStgCd="1000" revCoCd="009" ldgrEnty="USA"/>
</ns4:PFIRated>]]></PFIRATED><RCCECONTROL><![CDATA[<?xml version="1.0" encoding="UTF-8" standalone="yes"?>
<RCCEControlMessage xmlns:ns2="http://xmlns.fedex.com/FDXREV.PFIRated.Shared/1.1.1" xmlns:ns4="http://xmlns.fedex.com/FDXREV.PFIRated/1.1.1" xmlns:ns3="http://xmlns.fedex.com/FDXREV.PFIRated.FXG/1.1.1" xmlns:ns5="http://ags.fedex.com/chagCodeCategory/">
    <CompanyCode>009</CompanyCode>
    <CreditTypeCode>X</CreditTypeCode>
    <HashAmount>50.95</HashAmount>
    <LineOfBusinessCode>00001</LineOfBusinessCode>
    <NamespaceName>GNDR.PFI.SMP</NamespaceName>
    <TransmitTimestamp>20150621 06:00:00</TransmitTimestamp>
    <TransactionName>GRPUB</TransactionName>
    <TransactionQuantity>1</TransactionQuantity>
    <PublisherID>42</PublisherID>
    <MessageID>1517102879846</MessageID>
    <DebugInformationDescription>Debug Information for GRPUB</DebugInformationDescription>
    <TimeZone>GMT</TimeZone>
    <VersionNumber>1.2.9</VersionNumber>
</RCCEControlMessage>]]></RCCECONTROL></Message><Message><property><LineOfBusiness>00001</LineOfBusiness><INTERCEPT_CREDIT>N</INTERCEPT_CREDIT><BATCH_ID>20150621</BATCH_ID><MSG_UID>1517102879849</MSG_UID><PFI_REPLAY_ID>1517102879849</PFI_REPLAY_ID></property><PFIRATED><![CDATA[<?xml version="1.0" encoding="UTF-8" standalone="yes"?>
<ns4:PFIRated vrsnNbr="1.1.1" publisherID="4" msgUID="1517102879849" msgTmstmp="2015-06-21T06:00:00" coCd="009" xmlns:ns2="http://xmlns.fedex.com/FDXREV.PFIRated.Shared/1.1.1" xmlns:ns4="http://xmlns.fedex.com/FDXREV.PFIRated/1.1.1" xmlns:ns3="http://xmlns.fedex.com/FDXREV.PFIRated.FXG/1.1.1" xmlns:ns5="http://ags.fedex.com/chagCodeCategory/">
    <ns4:rtngPrfl slctTmstmp="2015-06-21T06:00:00" revTranTypeCd="18" rateDt="2015-06-19T00:00:00" globalEntID="0">
        <ns4:charges>
            <ns4:charge ftrNbr="0.00" ctgyCd="N" code="050" PFI_ID="28798492" ID="ID_01">
                <ns4:ratedAmt val="11.33" currCd="USD"/>
            </ns4:charge>
            <ns4:charge ftrNbr="6.50" ctgyCd="S" code="819" PFI_ID="28798493" ID="ID_02">
                <ns4:ratedAmt val="0.74" currCd="USD"/>
            </ns4:charge>
        </ns4:charges>
        <ns4:othrAmt>
            <ns4:amt val="12.07" type="itemNet" currCd="USD"/>
        </ns4:othrAmt>
        <ns4:opCoSpecific>
            <ns3:FDXFXG.RatingData versionNbr="1.1.1" svcCd="918" sortKey="808" custRefDate="2015-06-19">
                <ns3:alternateInfo trkngNbr="            " pfxTrkngNbr="00000000"/>
            </ns3:FDXFXG.RatingData>
        </ns4:opCoSpecific>
    </ns4:rtngPrfl>
    <ns4:invcngRqstInfo ldgrCmpny="009" LOBCd="00001">
        <ns4:billToInfo pymtPyrCd="3" pymtMthdCd="01" mediaTypeCd="0" currCd="USD" brkrNriInd="N" blngCycleCd="00" bkrkInclInd="P"/>
        <ns4:billToAddr lglEntity="USA" cntryCd="US" acctNbr="606496605"/>
        <ns4:shpprAddr acctNbr="606507402"/>
        <ns4:rcpntAddr state="  " pstl="           " custNm="                                   " cntryCd="US" cmpnyNm="ADDRESS UNAVAILABLE                " city="                    ">
            <ns2:addrLn lineNo="1">                                   </ns2:addrLn>
            <ns2:addrLn lineNo="2">                                   </ns2:addrLn>
        </ns4:rcpntAddr>
        <ns4:refNotes shpr="PLC 14.3 100% disc _Ret teial_" purchOrdr="1.23457E+28                   " invoice="9000000007                    " dept="5N27BPG2                      "/>
        <ns4:rebill rsnCd="RTA" revStageSqncNbr="0" pkgSqncNbr="421141861" orgnlSrcSysID="MMAS" orgnlInvNbr="421141861" orgnlInvDt="2015-06-19T00:00:00" messageID="" empID="0000995000" RACN="6033"/>
        <ns4:statCdInfo type="InfoMsg" engnCd="GD" code="5528"/>
        <ns4:statCdInfo type="InfoMsg" engnCd="GD" code="5526"/>
    </ns4:invcngRqstInfo>
    <ns4:svcInfo trkngNbrPfx="02393000" trkngNbr="021220050066" svcDt="2015-05-27" sqncNbr="2879849" rqstdSvcCd="95" revDt="2015-05-27" ratedSvcCd="95">
        <ns4:transportation totPkgQty="1" rcptMthdCd="R">
            <ns4:pkg subClassPstlCd="P" srtHubDesc="New Berlin     " sqncNbr="421141861" ratedAsPkgngTypeCd="01" prcsCtgCd="M" prclSizeTypeCd="N" pkgngTypeCd="01">
                <ns4:ID>
                    <ns4:trkngNbrPfx>02393000</ns4:trkngNbrPfx>
                    <ns4:trkngItmNbr>021220050066</ns4:trkngItmNbr>
                </ns4:ID>
                <ns4:dimensions>
                    <ns4:rated wdthQty="4" ovrSzCd="N" lenQty="6" hghtQty="1" UOM="I"/>
                </ns4:dimensions>
                <ns4:dlvryInfo tenderedDt="2015-05-27" dlvryCnfrmFlg="N" actlDlvryDt="2015-05-27T00:00:00"/>
                <ns4:scanInfo>
                    <ns4:orgnlScan shpDt="20150527" rateSrcCd="SMP" acctNbr="606507402"/>
                </ns4:scanInfo>
                <ns4:weight>
                    <ns2:rated val="5.00" UOM="L"/>
                    <ns2:cust val="5.00" UOM="L"/>
                    <ns2:actual val="5.00" UOM="L"/>
                </ns4:weight>
            </ns4:pkg>
            <ns4:wghts>
                <ns2:rated val="5.00" UOM="L"/>
                <ns2:cust val="5.00" UOM="L"/>
                <ns2:actual val="5.00" UOM="L"/>
            </ns4:wghts>
        </ns4:transportation>
        <ns4:ratedOrigin sttnID="5531" region=" 6" pstlCd="01007      " lglEnty="USA" currCd="USD" cntryCd="US" ID="NBWI"/>
        <ns4:ratedDest pstlCd="56950      " lglEnty="USA" currCd="USD" cntryCd="US" ID="    "/>
        <ns4:origin zone=" 6" sttnID="5531" pstlCd="01007      " lglEnty="USA" currCd="USD" cntryCd="US" ID="NBWI"/>
        <ns4:dest pstlCd="56950      " lglEnty="USA" currCd="USD" cntryCd="US" ID="    "/>
        <ns4:qltyOfSvc svcRndrdCommitCd="false"/>
        <ns4:automtnInfo revAcctngSrcSys="SMP" orgnlSrcSysID="SMPT" mtrNbr="100248125" dvcNm="SMP"/>
    </ns4:svcInfo>
    <ns4:publish type="PFI" tpcNm="FDXREV.Smartpost.Rated.Inbound" msgUID="1517102879849"/>
    <ns4:revAcctngInfo revStgSqncNbr="1" revStgCd="1000" revCoCd="009" ldgrEnty="USA"/>
</ns4:PFIRated>]]></PFIRATED><RCCECONTROL><![CDATA[<?xml version="1.0" encoding="UTF-8" standalone="yes"?>
<RCCEControlMessage xmlns:ns2="http://xmlns.fedex.com/FDXREV.PFIRated.Shared/1.1.1" xmlns:ns4="http://xmlns.fedex.com/FDXREV.PFIRated/1.1.1" xmlns:ns3="http://xmlns.fedex.com/FDXREV.PFIRated.FXG/1.1.1" xmlns:ns5="http://ags.fedex.com/chagCodeCategory/">
    <CompanyCode>009</CompanyCode>
    <CreditTypeCode>X</CreditTypeCode>
    <HashAmount>12.07</HashAmount>
    <LineOfBusinessCode>00001</LineOfBusinessCode>
    <NamespaceName>GNDR.PFI.SMP</NamespaceName>
    <TransmitTimestamp>20150621 06:00:00</TransmitTimestamp>
    <TransactionName>GRPUB</TransactionName>
    <TransactionQuantity>1</TransactionQuantity>
    <PublisherID>42</PublisherID>
    <MessageID>1517102879849</MessageID>
    <DebugInformationDescription>Debug Information for GRPUB</DebugInformationDescription>
    <TimeZone>GMT</TimeZone>
    <VersionNumber>1.2.9</VersionNumber>
</RCCEControlMessage>]]></RCCECONTROL></Message><Message><property><LineOfBusiness>00001</LineOfBusiness><INTERCEPT_CREDIT>N</INTERCEPT_CREDIT><BATCH_ID>20150621</BATCH_ID><MSG_UID>1517102879852</MSG_UID><PFI_REPLAY_ID>1517102879852</PFI_REPLAY_ID></property><PFIRATED><![CDATA[<?xml version="1.0" encoding="UTF-8" standalone="yes"?>
<ns4:PFIRated vrsnNbr="1.1.1" publisherID="4" msgUID="1517102879852" msgTmstmp="2015-06-21T06:00:00" coCd="009" xmlns:ns2="http://xmlns.fedex.com/FDXREV.PFIRated.Shared/1.1.1" xmlns:ns4="http://xmlns.fedex.com/FDXREV.PFIRated/1.1.1" xmlns:ns3="http://xmlns.fedex.com/FDXREV.PFIRated.FXG/1.1.1" xmlns:ns5="http://ags.fedex.com/chagCodeCategory/">
    <ns4:rtngPrfl slctTmstmp="2015-06-21T06:00:00" revTranTypeCd="18" rateDt="2015-06-19T00:00:00" globalEntID="0">
        <ns4:charges>
            <ns4:charge ftrNbr="0.00" ctgyCd="N" code="050" PFI_ID="28798522" ID="ID_01">
                <ns4:ratedAmt val="16.12" currCd="USD"/>
            </ns4:charge>
            <ns4:charge ftrNbr="6.50" ctgyCd="S" code="819" PFI_ID="28798523" ID="ID_02">
                <ns4:ratedAmt val="1.05" currCd="USD"/>
            </ns4:charge>
        </ns4:charges>
        <ns4:othrAmt>
            <ns4:amt val="17.17" type="itemNet" currCd="USD"/>
        </ns4:othrAmt>
        <ns4:opCoSpecific>
            <ns3:FDXFXG.RatingData versionNbr="1.1.1" svcCd="918" sortKey="808" custRefDate="2015-06-19">
                <ns3:alternateInfo trkngNbr="            " pfxTrkngNbr="00000000"/>
            </ns3:FDXFXG.RatingData>
        </ns4:opCoSpecific>
    </ns4:rtngPrfl>
    <ns4:invcngRqstInfo ldgrCmpny="009" LOBCd="00001">
        <ns4:billToInfo pymtPyrCd="1" pymtMthdCd="01" mediaTypeCd="0" currCd="USD" brkrNriInd="N" blngCycleCd="00" bkrkInclInd="P"/>
        <ns4:billToAddr lglEntity="USA" cntryCd="US" acctNbr="606503288"/>
        <ns4:shpprAddr acctNbr="606503288"/>
        <ns4:rcpntAddr custNm="ADDRESS UNAVAILABLE"/>
        <ns4:refNotes purchOrdr="1.23457E+28                   " invoice="9000000009                    " dept="5J3Z3BNE                      "/>
        <ns4:rebill rsnCd="RSA" revStageSqncNbr="0" pkgSqncNbr="421139409" orgnlSrcSysID="LPAPP" orgnlInvNbr="421139409" orgnlInvDt="2015-06-19T00:00:00" messageID="" empID="0005008158" RACN="6032"/>
        <ns4:statCdInfo type="InfoMsg" engnCd="GD" code="5528"/>
        <ns4:statCdInfo type="InfoMsg" engnCd="GD" code="5526"/>
    </ns4:invcngRqstInfo>
    <ns4:svcInfo trkngNbrPfx="02393000" trkngNbr="021320025025" svcDt="2015-05-18" sqncNbr="2879852" rqstdSvcCd="95" revDt="2015-05-18" ratedSvcCd="95">
        <ns4:transportation totPkgQty="1" rcptMthdCd="R">
            <ns4:pkg subClassPstlCd="P" srtHubDesc="New Berlin     " sqncNbr="421139409" ratedAsPkgngTypeCd="01" prcsCtgCd="M" prclSizeTypeCd="N" pkgngTypeCd="01">
                <ns4:ID>
                    <ns4:trkngNbrPfx>02393000</ns4:trkngNbrPfx>
                    <ns4:trkngItmNbr>021320025025</ns4:trkngItmNbr>
                </ns4:ID>
                <ns4:dimensions>
                    <ns4:rated wdthQty="10" ovrSzCd="N" lenQty="15" hghtQty="10" UOM="I"/>
                </ns4:dimensions>
                <ns4:dlvryInfo tenderedDt="2015-05-18" dlvryCnfrmFlg="N" actlDlvryDt="2015-05-18T00:00:00"/>
                <ns4:scanInfo>
                    <ns4:orgnlScan shpDt="20150518" rateSrcCd="SMP" acctNbr="606503288"/>
                </ns4:scanInfo>
                <ns4:weight>
                    <ns2:rated val="18.00" UOM="L"/>
                    <ns2:cust val="17.60" UOM="L"/>
                    <ns2:actual val="17.60" UOM="L"/>
                </ns4:weight>
            </ns4:pkg>
            <ns4:wghts>
                <ns2:rated val="18.00" UOM="L"/>
                <ns2:cust val="17.60" UOM="L"/>
                <ns2:actual val="17.60" UOM="L"/>
            </ns4:wghts>
        </ns4:transportation>
        <ns4:ratedOrigin sttnID="5531" region=" 6" pstlCd="01007      " lglEnty="USA" currCd="USD" cntryCd="US" ID="NBWI"/>
        <ns4:ratedDest pstlCd="56950      " lglEnty="USA" currCd="USD" cntryCd="US" ID="    "/>
        <ns4:origin zone=" 6" sttnID="5531" pstlCd="01007      " lglEnty="USA" currCd="USD" cntryCd="US" ID="NBWI"/>
        <ns4:dest pstlCd="56950      " lglEnty="USA" currCd="USD" cntryCd="US" ID="    "/>
        <ns4:qltyOfSvc svcRndrdCommitCd="false"/>
        <ns4:automtnInfo revAcctngSrcSys="SMP" orgnlSrcSysID="SMPT" mtrNbr="100243499" dvcNm="SMP"/>
    </ns4:svcInfo>
    <ns4:publish type="PFI" tpcNm="FDXREV.Smartpost.Rated.Inbound" msgUID="1517102879852"/>
    <ns4:revAcctngInfo revStgSqncNbr="1" revStgCd="1000" revCoCd="009" ldgrEnty="USA"/>
</ns4:PFIRated>]]></PFIRATED><RCCECONTROL><![CDATA[<?xml version="1.0" encoding="UTF-8" standalone="yes"?>
<RCCEControlMessage xmlns:ns2="http://xmlns.fedex.com/FDXREV.PFIRated.Shared/1.1.1" xmlns:ns4="http://xmlns.fedex.com/FDXREV.PFIRated/1.1.1" xmlns:ns3="http://xmlns.fedex.com/FDXREV.PFIRated.FXG/1.1.1" xmlns:ns5="http://ags.fedex.com/chagCodeCategory/">
    <CompanyCode>009</CompanyCode>
    <CreditTypeCode>X</CreditTypeCode>
    <HashAmount>17.17</HashAmount>
    <LineOfBusinessCode>00001</LineOfBusinessCode>
    <NamespaceName>GNDR.PFI.SMP</NamespaceName>
    <TransmitTimestamp>20150621 06:00:00</TransmitTimestamp>
    <TransactionName>GRPUB</TransactionName>
    <TransactionQuantity>1</TransactionQuantity>
    <PublisherID>42</PublisherID>
    <MessageID>1517102879852</MessageID>
    <DebugInformationDescription>Debug Information for GRPUB</DebugInformationDescription>
    <TimeZone>GMT</TimeZone>
    <VersionNumber>1.2.9</VersionNumber>
</RCCEControlMessage>]]></RCCECONTROL></Message><Message><property><LineOfBusiness>00001</LineOfBusiness><INTERCEPT_CREDIT>N</INTERCEPT_CREDIT><BATCH_ID>20150621</BATCH_ID><MSG_UID>1517102879855</MSG_UID><PFI_REPLAY_ID>1517102879855</PFI_REPLAY_ID></property><PFIRATED><![CDATA[<?xml version="1.0" encoding="UTF-8" standalone="yes"?>
<ns4:PFIRated vrsnNbr="1.1.1" publisherID="4" msgUID="1517102879855" msgTmstmp="2015-06-21T06:00:00" coCd="009" xmlns:ns2="http://xmlns.fedex.com/FDXREV.PFIRated.Shared/1.1.1" xmlns:ns4="http://xmlns.fedex.com/FDXREV.PFIRated/1.1.1" xmlns:ns3="http://xmlns.fedex.com/FDXREV.PFIRated.FXG/1.1.1" xmlns:ns5="http://ags.fedex.com/chagCodeCategory/">
    <ns4:rtngPrfl slctTmstmp="2015-06-21T06:00:00" revTranTypeCd="18" rateDt="2015-06-19T00:00:00" globalEntID="0">
        <ns4:charges>
            <ns4:charge ftrNbr="0.00" ctgyCd="N" code="050" PFI_ID="28798552" ID="ID_01">
                <ns4:ratedAmt val="20.80" currCd="USD"/>
            </ns4:charge>
            <ns4:charge ftrNbr="6.50" ctgyCd="S" code="819" PFI_ID="28798553" ID="ID_02">
                <ns4:ratedAmt val="1.35" currCd="USD"/>
            </ns4:charge>
        </ns4:charges>
        <ns4:othrAmt>
            <ns4:amt val="22.15" type="itemNet" currCd="USD"/>
        </ns4:othrAmt>
        <ns4:opCoSpecific>
            <ns3:FDXFXG.RatingData versionNbr="1.1.1" svcCd="916" sortKey="806" custRefDate="2015-06-19">
                <ns3:alternateInfo trkngNbr="            " pfxTrkngNbr="00000000"/>
            </ns3:FDXFXG.RatingData>
        </ns4:opCoSpecific>
    </ns4:rtngPrfl>
    <ns4:invcngRqstInfo ldgrCmpny="009" LOBCd="00001">
        <ns4:billToInfo pymtPyrCd="3" pymtMthdCd="01" mediaTypeCd="0" currCd="USD" brkrNriInd="Y" blngCycleCd="00" bkrkInclInd="M"/>
        <ns4:billToAddr lglEntity="USA" cntryCd="US" acctNbr="606444443"/>
        <ns4:shpprAddr acctNbr="606508042"/>
        <ns4:rcpntAddr state="MA" pstl="02747      " custNm="                                   " cntryCd="US" cmpnyNm="179929                             " city="NORTH DARTMOUTH     ">
            <ns2:addrLn lineNo="1">SHIP TO STREET ADDRESS LINEONE     </ns2:addrLn>
            <ns2:addrLn lineNo="2">                                   </ns2:addrLn>
        </ns4:rcpntAddr>
        <ns4:refNotes shpr="PLC 14.3 NON DAS Returns      " purchOrdr="1.23457E+28                   " invoice="9000000010                    " dept="5N27BPFG                      "/>
        <ns4:rebill rsnCd="RTA" revStageSqncNbr="0" pkgSqncNbr="421142239" orgnlSrcSysID="MMAS" orgnlInvNbr="421142239" orgnlInvDt="2015-06-19T00:00:00" messageID="" empID="0000995000" RACN="6033"/>
        <ns4:statCdInfo type="InfoMsg" engnCd="GD" code="5526"/>
    </ns4:invcngRqstInfo>
    <ns4:svcInfo trkngNbrPfx="49092000" trkngNbr="071820050044" svcDt="2015-05-26" sqncNbr="2879855" rqstdSvcCd="95" revDt="2015-05-26" ratedSvcCd="95">
        <ns4:transportation totPkgQty="1" rcptMthdCd="R">
            <ns4:pkg subClassPstlCd="M" srtHubDesc="New Berlin     " sqncNbr="421142239" ratedAsPkgngTypeCd="01" prcsCtgCd="M" prclSizeTypeCd="N" pkgngTypeCd="01">
                <ns4:ID>
                    <ns4:trkngNbrPfx>49092000</ns4:trkngNbrPfx>
                    <ns4:trkngItmNbr>071820050044</ns4:trkngItmNbr>
                </ns4:ID>
                <ns4:dimensions>
                    <ns4:rated wdthQty="4" ovrSzCd="N" lenQty="6" hghtQty="1" UOM="I"/>
                </ns4:dimensions>
                <ns4:dlvryInfo tenderedDt="2015-05-26" dlvryCnfrmFlg="Y" actlDlvryDt="2015-05-27T00:00:00"/>
                <ns4:scanInfo>
                    <ns4:orgnlScan shpDt="20150526" rateSrcCd="SMP" acctNbr="606508042"/>
                </ns4:scanInfo>
                <ns4:weight>
                    <ns2:rated val="15.00" UOM="L"/>
                    <ns2:cust val="15.00" UOM="L"/>
                    <ns2:actual val="15.00" UOM="L"/>
                </ns4:weight>
            </ns4:pkg>
            <ns4:wghts>
                <ns2:rated val="15.00" UOM="L"/>
                <ns2:cust val="15.00" UOM="L"/>
                <ns2:actual val="15.00" UOM="L"/>
            </ns4:wghts>
        </ns4:transportation>
        <ns4:ratedOrigin sttnID="5531" region=" 5" pstlCd="31599      " lglEnty="USA" currCd="USD" cntryCd="US" ID="NBWI"/>
        <ns4:ratedDest pstlCd="02747      " lglEnty="USA" currCd="USD" cntryCd="US" ID="    "/>
        <ns4:origin zone=" 5" sttnID="5531" pstlCd="31599      " lglEnty="USA" currCd="USD" cntryCd="US" ID="NBWI"/>
        <ns4:dest pstlCd="02747      " lglEnty="USA" currCd="USD" cntryCd="US" ID="    "/>
        <ns4:qltyOfSvc svcRndrdCommitCd="false"/>
        <ns4:automtnInfo revAcctngSrcSys="SMP" orgnlSrcSysID="SMPT" mtrNbr="100248102" dvcNm="SMP"/>
    </ns4:svcInfo>
    <ns4:publish type="PFI" tpcNm="FDXREV.Smartpost.Rated.Inbound" msgUID="1517102879855"/>
    <ns4:revAcctngInfo revStgSqncNbr="1" revStgCd="1000" revCoCd="009" ldgrEnty="USA"/>
</ns4:PFIRated>]]></PFIRATED><RCCECONTROL><![CDATA[<?xml version="1.0" encoding="UTF-8" standalone="yes"?>
<RCCEControlMessage xmlns:ns2="http://xmlns.fedex.com/FDXREV.PFIRated.Shared/1.1.1" xmlns:ns4="http://xmlns.fedex.com/FDXREV.PFIRated/1.1.1" xmlns:ns3="http://xmlns.fedex.com/FDXREV.PFIRated.FXG/1.1.1" xmlns:ns5="http://ags.fedex.com/chagCodeCategory/">
    <CompanyCode>009</CompanyCode>
    <CreditTypeCode>X</CreditTypeCode>
    <HashAmount>22.15</HashAmount>
    <LineOfBusinessCode>00001</LineOfBusinessCode>
    <NamespaceName>GNDR.PFI.SMP</NamespaceName>
    <TransmitTimestamp>20150621 06:00:00</TransmitTimestamp>
    <TransactionName>GRPUB</TransactionName>
    <TransactionQuantity>1</TransactionQuantity>
    <PublisherID>42</PublisherID>
    <MessageID>1517102879855</MessageID>
    <DebugInformationDescription>Debug Information for GRPUB</DebugInformationDescription>
    <TimeZone>GMT</TimeZone>
    <VersionNumber>1.2.9</VersionNumber>
</RCCEControlMessage>]]></RCCECONTROL></Message><Message><property><LineOfBusiness>00001</LineOfBusiness><INTERCEPT_CREDIT>N</INTERCEPT_CREDIT><BATCH_ID>20150621</BATCH_ID><MSG_UID>1517102879858</MSG_UID><PFI_REPLAY_ID>1517102879858</PFI_REPLAY_ID></property><PFIRATED><![CDATA[<?xml version="1.0" encoding="UTF-8" standalone="yes"?>
<ns4:PFIRated vrsnNbr="1.1.1" publisherID="4" msgUID="1517102879858" msgTmstmp="2015-06-21T06:00:00" coCd="009" xmlns:ns2="http://xmlns.fedex.com/FDXREV.PFIRated.Shared/1.1.1" xmlns:ns4="http://xmlns.fedex.com/FDXREV.PFIRated/1.1.1" xmlns:ns3="http://xmlns.fedex.com/FDXREV.PFIRated.FXG/1.1.1" xmlns:ns5="http://ags.fedex.com/chagCodeCategory/">
    <ns4:rtngPrfl slctTmstmp="2015-06-21T06:00:00" revTranTypeCd="18" rateDt="2015-06-19T00:00:00" globalEntID="0">
        <ns4:charges>
            <ns4:charge ftrNbr="0.00" ctgyCd="N" code="050" PFI_ID="28798582" ID="ID_01">
                <ns4:ratedAmt val="11.11" currCd="USD"/>
            </ns4:charge>
            <ns4:charge ftrNbr="6.50" ctgyCd="S" code="819" PFI_ID="28798583" ID="ID_02">
                <ns4:ratedAmt val="0.72" currCd="USD"/>
            </ns4:charge>
        </ns4:charges>
        <ns4:othrAmt>
            <ns4:amt val="11.83" type="itemNet" currCd="USD"/>
        </ns4:othrAmt>
        <ns4:opCoSpecific>
            <ns3:FDXFXG.RatingData versionNbr="1.1.1" svcCd="915" sortKey="805" custRefDate="2015-06-19">
                <ns3:alternateInfo trkngNbr="            " pfxTrkngNbr="00000000"/>
            </ns3:FDXFXG.RatingData>
        </ns4:opCoSpecific>
    </ns4:rtngPrfl>
    <ns4:invcngRqstInfo ldgrCmpny="009" LOBCd="00001">
        <ns4:billToInfo pymtPyrCd="1" pymtMthdCd="01" mediaTypeCd="0" currCd="USD" brkrNriInd="Y" blngCycleCd="00" bkrkInclInd="B"/>
        <ns4:billToAddr lglEntity="USA" cntryCd="US" acctNbr="603645200"/>
        <ns4:shpprAddr acctNbr="603645200"/>
        <ns4:rcpntAddr custNm="ADDRESS UNAVAILABLE"/>
        <ns4:refNotes shpr="PLC 14.3 Full discount        " purchOrdr="12345678901234500000000000000 " invoice="9000000011                    " dept="5NAH0Z7C                      "/>
        <ns4:rebill rsnCd="RSA" revStageSqncNbr="0" pkgSqncNbr="421140731" orgnlSrcSysID="MMAS" orgnlInvNbr="421140731" orgnlInvDt="2015-06-19T00:00:00" messageID="" empID="0000995000" RACN="6033"/>
        <ns4:statCdInfo type="InfoMsg" engnCd="GD" code="5526"/>
    </ns4:invcngRqstInfo>
    <ns4:svcInfo trkngNbrPfx="41992000" trkngNbr="071620075064" svcDt="2015-05-27" sqncNbr="2879858" rqstdSvcCd="95" revDt="2015-05-27" ratedSvcCd="95">
        <ns4:transportation totPkgQty="1" rcptMthdCd="R">
            <ns4:pkg subClassPstlCd="B" srtHubDesc="New Berlin     " sqncNbr="421140731" ratedAsPkgngTypeCd="01" prcsCtgCd="M" prclSizeTypeCd="N" pkgngTypeCd="01">
                <ns4:ID>
                    <ns4:trkngNbrPfx>41992000</ns4:trkngNbrPfx>
                    <ns4:trkngItmNbr>071620075064</ns4:trkngItmNbr>
                </ns4:ID>
                <ns4:dimensions>
                    <ns4:rated wdthQty="4" ovrSzCd="N" lenQty="6" hghtQty="1" UOM="I"/>
                </ns4:dimensions>
                <ns4:dlvryInfo tenderedDt="2015-05-27" dlvryCnfrmFlg="Y" actlDlvryDt="2015-05-27T00:00:00"/>
                <ns4:scanInfo>
                    <ns4:orgnlScan shpDt="20150527" rateSrcCd="SMP" acctNbr="603645200"/>
                </ns4:scanInfo>
                <ns4:weight>
                    <ns2:rated val="10.00" UOM="L"/>
                    <ns2:cust val="10.00" UOM="L"/>
                    <ns2:actual val="10.00" UOM="L"/>
                </ns4:weight>
            </ns4:pkg>
            <ns4:wghts>
                <ns2:rated val="10.00" UOM="L"/>
                <ns2:cust val="10.00" UOM="L"/>
                <ns2:actual val="10.00" UOM="L"/>
            </ns4:wghts>
        </ns4:transportation>
        <ns4:ratedOrigin sttnID="5531" region=" 5" pstlCd="53151      " lglEnty="USA" currCd="USD" cntryCd="US" ID="NBWI"/>
        <ns4:ratedDest pstlCd="04072      " lglEnty="USA" currCd="USD" cntryCd="US" ID="    "/>
        <ns4:origin zone=" 5" sttnID="5531" pstlCd="53151      " lglEnty="USA" currCd="USD" cntryCd="US" ID="NBWI"/>
        <ns4:dest pstlCd="04072      " lglEnty="USA" currCd="USD" cntryCd="US" ID="    "/>
        <ns4:qltyOfSvc svcRndrdCommitCd="false"/>
        <ns4:automtnInfo revAcctngSrcSys="SMP" orgnlSrcSysID="SMPT" mtrNbr="100248204" dvcNm="SMP"/>
    </ns4:svcInfo>
    <ns4:publish type="PFI" tpcNm="FDXREV.Smartpost.Rated.Inbound" msgUID="1517102879858"/>
    <ns4:revAcctngInfo revStgSqncNbr="1" revStgCd="1000" revCoCd="009" ldgrEnty="USA"/>
</ns4:PFIRated>]]></PFIRATED><RCCECONTROL><![CDATA[<?xml version="1.0" encoding="UTF-8" standalone="yes"?>
<RCCEControlMessage xmlns:ns2="http://xmlns.fedex.com/FDXREV.PFIRated.Shared/1.1.1" xmlns:ns4="http://xmlns.fedex.com/FDXREV.PFIRated/1.1.1" xmlns:ns3="http://xmlns.fedex.com/FDXREV.PFIRated.FXG/1.1.1" xmlns:ns5="http://ags.fedex.com/chagCodeCategory/">
    <CompanyCode>009</CompanyCode>
    <CreditTypeCode>X</CreditTypeCode>
    <HashAmount>11.83</HashAmount>
    <LineOfBusinessCode>00001</LineOfBusinessCode>
    <NamespaceName>GNDR.PFI.SMP</NamespaceName>
    <TransmitTimestamp>20150621 06:00:00</TransmitTimestamp>
    <TransactionName>GRPUB</TransactionName>
    <TransactionQuantity>1</TransactionQuantity>
    <PublisherID>42</PublisherID>
    <MessageID>1517102879858</MessageID>
    <DebugInformationDescription>Debug Information for GRPUB</DebugInformationDescription>
    <TimeZone>GMT</TimeZone>
    <VersionNumber>1.2.9</VersionNumber>
</RCCEControlMessage>]]></RCCECONTROL></Message><Message><property><LineOfBusiness>00001</LineOfBusiness><INTERCEPT_CREDIT>N</INTERCEPT_CREDIT><BATCH_ID>20150621</BATCH_ID><MSG_UID>1517102879861</MSG_UID><PFI_REPLAY_ID>1517102879861</PFI_REPLAY_ID></property><PFIRATED><![CDATA[<?xml version="1.0" encoding="UTF-8" standalone="yes"?>
<ns4:PFIRated vrsnNbr="1.1.1" publisherID="4" msgUID="1517102879861" msgTmstmp="2015-06-21T06:00:00" coCd="009" xmlns:ns2="http://xmlns.fedex.com/FDXREV.PFIRated.Shared/1.1.1" xmlns:ns4="http://xmlns.fedex.com/FDXREV.PFIRated/1.1.1" xmlns:ns3="http://xmlns.fedex.com/FDXREV.PFIRated.FXG/1.1.1" xmlns:ns5="http://ags.fedex.com/chagCodeCategory/">
    <ns4:rtngPrfl slctTmstmp="2015-06-21T06:00:00" revTranTypeCd="18" rateDt="2015-06-19T00:00:00" globalEntID="0">
        <ns4:charges>
            <ns4:charge ftrNbr="0.00" ctgyCd="N" code="050" PFI_ID="28798612" ID="ID_01">
                <ns4:ratedAmt val="10.29" currCd="USD"/>
            </ns4:charge>
            <ns4:charge ftrNbr="6.50" ctgyCd="S" code="819" PFI_ID="28798613" ID="ID_02">
                <ns4:ratedAmt val="0.70" currCd="USD"/>
            </ns4:charge>
            <ns4:charge ctgyCd="S" code="960" PFI_ID="2879865" ID="ID_03">
                <ns4:ratedAmt val="0.50" currCd="USD"/>
            </ns4:charge>
        </ns4:charges>
        <ns4:othrAmt>
            <ns4:amt val="11.49" type="itemNet" currCd="USD"/>
        </ns4:othrAmt>
        <ns4:opCoSpecific>
            <ns3:FDXFXG.RatingData versionNbr="1.1.1" svcCd="915" sortKey="805" custRefDate="2015-06-19" callTagAccessCd=" ">
                <ns3:alternateInfo trkngNbr="            " pfxTrkngNbr="00000000"/>
            </ns3:FDXFXG.RatingData>
        </ns4:opCoSpecific>
    </ns4:rtngPrfl>
    <ns4:invcngRqstInfo ldgrCmpny="009" LOBCd="00001">
        <ns4:billToInfo pymtPyrCd="1" pymtMthdCd="01" mediaTypeCd="0" currCd="USD" brkrNriInd="Y" blngCycleCd="00" bkrkInclInd="B"/>
        <ns4:billToAddr lglEntity="USA" cntryCd="US" acctNbr="606508042"/>
        <ns4:shpprAddr acctNbr="606508042"/>
        <ns4:rcpntAddr custNm="ADDRESS UNAVAILABLE"/>
        <ns4:refNotes shpr="PLC 14.3 basic EDI            " purchOrdr="1.23457E+28                   " invoice="9000000012                    " dept="5N8TH3F9                      "/>
        <ns4:rebill rsnCd="RSA" revStageSqncNbr="0" pkgSqncNbr="421140752" orgnlSrcSysID="LPAPP" orgnlInvNbr="421140752" orgnlInvDt="2015-06-19T00:00:00" messageID="" empID="0000815724" RACN="6033"/>
        <ns4:statCdInfo type="InfoMsg" engnCd="GD" code="5528"/>
        <ns4:statCdInfo type="InfoMsg" engnCd="GD" code="5526"/>
    </ns4:invcngRqstInfo>
    <ns4:svcInfo trkngNbrPfx="41992000" trkngNbr="071820050069" svcDt="2015-05-27" sqncNbr="2879861" rqstdSvcCd="95" revDt="2015-05-27" ratedSvcCd="95">
        <ns4:transportation totPkgQty="1" rcptMthdCd="R">
            <ns4:pkg subClassPstlCd="B" srtHubDesc="New Berlin     " sqncNbr="421140752" ratedAsPkgngTypeCd="01" prcsCtgCd="M" prclSizeTypeCd="N" pkgngTypeCd="01">
                <ns4:ID>
                    <ns4:trkngNbrPfx>41992000</ns4:trkngNbrPfx>
                    <ns4:trkngItmNbr>071820050069</ns4:trkngItmNbr>
                </ns4:ID>
                <ns4:dimensions>
                    <ns4:rated wdthQty="4" ovrSzCd="N" lenQty="6" hghtQty="1" UOM="I"/>
                </ns4:dimensions>
                <ns4:dlvryInfo tenderedDt="2015-05-27" dlvryCnfrmFlg="Y" actlDlvryDt="2015-05-27T00:00:00"/>
                <ns4:scanInfo>
                    <ns4:orgnlScan shpDt="20150527" rateSrcCd="SMP" acctNbr="606508042"/>
                </ns4:scanInfo>
                <ns4:weight>
                    <ns2:rated val="6.00" UOM="L"/>
                    <ns2:cust val="6.00" UOM="L"/>
                    <ns2:actual val="6.00" UOM="L"/>
                </ns4:weight>
            </ns4:pkg>
            <ns4:wghts>
                <ns2:rated val="6.00" UOM="L"/>
                <ns2:cust val="6.00" UOM="L"/>
                <ns2:actual val="6.00" UOM="L"/>
            </ns4:wghts>
        </ns4:transportation>
        <ns4:ratedOrigin sttnID="5531" region=" 5" pstlCd="53151      " lglEnty="USA" currCd="USD" cntryCd="US" ID="NBWI"/>
        <ns4:ratedDest pstlCd="03044      " lglEnty="USA" currCd="USD" cntryCd="US" ID="    "/>
        <ns4:origin zone=" 5" sttnID="5531" pstlCd="53151      " lglEnty="USA" currCd="USD" cntryCd="US" ID="NBWI"/>
        <ns4:dest pstlCd="03044      " lglEnty="USA" currCd="USD" cntryCd="US" ID="    "/>
        <ns4:qltyOfSvc svcRndrdCommitCd="false"/>
        <ns4:automtnInfo revAcctngSrcSys="SMP" orgnlSrcSysID="SMPT" mtrNbr="100248102" dvcNm="SMP"/>
    </ns4:svcInfo>
    <ns4:publish type="PFI" tpcNm="FDXREV.Smartpost.Rated.Inbound" msgUID="1517102879861"/>
    <ns4:revAcctngInfo revStgSqncNbr="1" revStgCd="1000" revCoCd="009" ldgrEnty="USA"/>
</ns4:PFIRated>]]></PFIRATED><RCCECONTROL><![CDATA[<?xml version="1.0" encoding="UTF-8" standalone="yes"?>
<RCCEControlMessage xmlns:ns2="http://xmlns.fedex.com/FDXREV.PFIRated.Shared/1.1.1" xmlns:ns4="http://xmlns.fedex.com/FDXREV.PFIRated/1.1.1" xmlns:ns3="http://xmlns.fedex.com/FDXREV.PFIRated.FXG/1.1.1" xmlns:ns5="http://ags.fedex.com/chagCodeCategory/">
    <CompanyCode>009</CompanyCode>
    <CreditTypeCode>X</CreditTypeCode>
    <HashAmount>11.49</HashAmount>
    <LineOfBusinessCode>00001</LineOfBusinessCode>
    <NamespaceName>GNDR.PFI.SMP</NamespaceName>
    <TransmitTimestamp>20150621 06:00:00</TransmitTimestamp>
    <TransactionName>GRPUB</TransactionName>
    <TransactionQuantity>1</TransactionQuantity>
    <PublisherID>42</PublisherID>
    <MessageID>1517102879861</MessageID>
    <DebugInformationDescription>Debug Information for GRPUB</DebugInformationDescription>
    <TimeZone>GMT</TimeZone>
    <VersionNumber>1.2.9</VersionNumber>
</RCCEControlMessage>]]></RCCECONTROL></Message><Message><property><LineOfBusiness>00001</LineOfBusiness><INTERCEPT_CREDIT>N</INTERCEPT_CREDIT><BATCH_ID>20150621</BATCH_ID><MSG_UID>1517102879864</MSG_UID><PFI_REPLAY_ID>1517102879864</PFI_REPLAY_ID></property><PFIRATED><![CDATA[<?xml version="1.0" encoding="UTF-8" standalone="yes"?>
<ns4:PFIRated vrsnNbr="1.1.1" publisherID="4" msgUID="1517102879864" msgTmstmp="2015-06-21T06:00:00" coCd="009" xmlns:ns2="http://xmlns.fedex.com/FDXREV.PFIRated.Shared/1.1.1" xmlns:ns4="http://xmlns.fedex.com/FDXREV.PFIRated/1.1.1" xmlns:ns3="http://xmlns.fedex.com/FDXREV.PFIRated.FXG/1.1.1" xmlns:ns5="http://ags.fedex.com/chagCodeCategory/">
    <ns4:rtngPrfl slctTmstmp="2015-06-21T06:00:00" revTranTypeCd="18" rateDt="2015-06-19T00:00:00" globalEntID="0">
        <ns4:charges>
            <ns4:charge ftrNbr="0.00" ctgyCd="N" code="050" PFI_ID="28798642" ID="ID_01">
                <ns4:ratedAmt val="55.44" currCd="USD"/>
            </ns4:charge>
            <ns4:charge ftrNbr="6.50" ctgyCd="S" code="819" PFI_ID="28798643" ID="ID_02">
                <ns4:ratedAmt val="3.63" currCd="USD"/>
            </ns4:charge>
            <ns4:charge ctgyCd="S" code="950" PFI_ID="2879868" ID="ID_03">
                <ns4:ratedAmt val="0.50" currCd="USD"/>
            </ns4:charge>
        </ns4:charges>
        <ns4:othrAmt>
            <ns4:amt val="59.57" type="itemNet" currCd="USD"/>
        </ns4:othrAmt>
        <ns4:opCoSpecific>
            <ns3:FDXFXG.RatingData versionNbr="1.1.1" svcCd="913" sortKey="803" custRefDate="2015-06-19" callTagAccessCd=" ">
                <ns3:alternateInfo trkngNbr="            " pfxTrkngNbr="00000000"/>
            </ns3:FDXFXG.RatingData>
        </ns4:opCoSpecific>
    </ns4:rtngPrfl>
    <ns4:invcngRqstInfo ldgrCmpny="009" LOBCd="00001">
        <ns4:billToInfo pymtPyrCd="3" pymtMthdCd="01" mediaTypeCd="0" currCd="USD" brkrNriInd="Y" blngCycleCd="00" bkrkInclInd="P"/>
        <ns4:billToAddr lglEntity="USA" cntryCd="US" acctNbr="606468709"/>
        <ns4:shpprAddr acctNbr="606444583"/>
        <ns4:rcpntAddr state="NH" pstl="03044      " custNm="                                   " cntryCd="US" cmpnyNm="177027                             " city="LONDONDERRY         ">
            <ns2:addrLn lineNo="1">4 KITTY HAWK LANDINGLONDONDERR     </ns2:addrLn>
            <ns2:addrLn lineNo="2">                                   </ns2:addrLn>
        </ns4:rcpntAddr>
        <ns4:refNotes purchOrdr="12345678901234500000000000000 " invoice="9000000013                    " dept="58Q7MW1G                      "/>
        <ns4:rebill rsnCd="RTA" revStageSqncNbr="0" pkgSqncNbr="421138224" orgnlSrcSysID="MMAS" orgnlInvNbr="421138224" orgnlInvDt="2015-06-19T00:00:00" messageID="" empID="0000995000" RACN="6032"/>
        <ns4:statCdInfo type="InfoMsg" engnCd="GD" code="5522"/>
        <ns4:statCdInfo type="InfoMsg" engnCd="GD" code="5520"/>
        <ns4:statCdInfo type="InfoMsg" engnCd="GD" code="5526"/>
    </ns4:invcngRqstInfo>
    <ns4:svcInfo trkngNbrPfx="61292000" trkngNbr="072020025012" svcDt="2015-05-18" sqncNbr="2879864" rqstdSvcCd="95" revDt="2015-05-18" ratedSvcCd="95">
        <ns4:transportation totPkgQty="1" rcptMthdCd="R">
            <ns4:pkg subClassPstlCd="P" srtHubDesc="New Berlin     " sqncNbr="421138224" ratedAsPkgngTypeCd="01" prcsCtgCd="I" prclSizeTypeCd="O" pkgngTypeCd="01">
                <ns4:ID>
                    <ns4:trkngNbrPfx>61292000</ns4:trkngNbrPfx>
                    <ns4:trkngItmNbr>072020025012</ns4:trkngItmNbr>
                </ns4:ID>
                <ns4:dimensions>
                    <ns4:rated wdthQty="30" ovrSzCd="O" lenQty="45" hghtQty="10" UOM="I"/>
                </ns4:dimensions>
                <ns4:dlvryInfo tenderedDt="2015-05-18" dlvryCnfrmFlg="Y" actlDlvryDt="2015-05-18T00:00:00"/>
                <ns4:scanInfo>
                    <ns4:orgnlScan shpDt="20150518" rateSrcCd="SMP" acctNbr="606444583"/>
                </ns4:scanInfo>
                <ns4:weight>
                    <ns2:rated val="71.00" UOM="L"/>
                    <ns2:cust val="70.00" UOM="L"/>
                    <ns2:actual val="70.00" UOM="L"/>
                </ns4:weight>
            </ns4:pkg>
            <ns4:wghts>
                <ns2:rated val="71.00" UOM="L"/>
                <ns2:cust val="70.00" UOM="L"/>
                <ns2:actual val="70.00" UOM="L"/>
            </ns4:wghts>
        </ns4:transportation>
        <ns4:ratedOrigin sttnID="5531" region=" 5" pstlCd="53151      " lglEnty="USA" currCd="USD" cntryCd="US" ID="NBWI"/>
        <ns4:ratedDest pstlCd="03044      " lglEnty="USA" currCd="USD" cntryCd="US" ID="    "/>
        <ns4:origin zone=" 5" sttnID="5531" pstlCd="53151      " lglEnty="USA" currCd="USD" cntryCd="US" ID="NBWI"/>
        <ns4:dest pstlCd="03044      " lglEnty="USA" currCd="USD" cntryCd="US" ID="    "/>
        <ns4:qltyOfSvc svcRndrdCommitCd="false"/>
        <ns4:automtnInfo revAcctngSrcSys="SMP" orgnlSrcSysID="SMPT" mtrNbr="100066248" dvcNm="SMP"/>
    </ns4:svcInfo>
    <ns4:relatedTranInfo>
        <ns4:trkngAssociation type="T" trkngNbr="000000000000" rltspCd="P" pfxTrkngNbr="00000000"/>
    </ns4:relatedTranInfo>
    <ns4:publish type="PFI" tpcNm="FDXREV.Smartpost.Rated.Inbound" msgUID="1517102879864"/>
    <ns4:revAcctngInfo revStgSqncNbr="1" revStgCd="1000" revCoCd="009" ldgrEnty="USA"/>
</ns4:PFIRated>]]></PFIRATED><RCCECONTROL><![CDATA[<?xml version="1.0" encoding="UTF-8" standalone="yes"?>
<RCCEControlMessage xmlns:ns2="http://xmlns.fedex.com/FDXREV.PFIRated.Shared/1.1.1" xmlns:ns4="http://xmlns.fedex.com/FDXREV.PFIRated/1.1.1" xmlns:ns3="http://xmlns.fedex.com/FDXREV.PFIRated.FXG/1.1.1" xmlns:ns5="http://ags.fedex.com/chagCodeCategory/">
    <CompanyCode>009</CompanyCode>
    <CreditTypeCode>X</CreditTypeCode>
    <HashAmount>59.57</HashAmount>
    <LineOfBusinessCode>00001</LineOfBusinessCode>
    <NamespaceName>GNDR.PFI.SMP</NamespaceName>
    <TransmitTimestamp>20150621 06:00:00</TransmitTimestamp>
    <TransactionName>GRPUB</TransactionName>
    <TransactionQuantity>1</TransactionQuantity>
    <PublisherID>42</PublisherID>
    <MessageID>1517102879864</MessageID>
    <DebugInformationDescription>Debug Information for GRPUB</DebugInformationDescription>
    <TimeZone>GMT</TimeZone>
    <VersionNumber>1.2.9</VersionNumber>
</RCCEControlMessage>]]></RCCECONTROL></Message></Ground>
