<?xml version="1.0" encoding="UTF-8"?>
<Ground><Message><property><LineOfBusiness>00001</LineOfBusiness><INTERCEPT_CREDIT>N</INTERCEPT_CREDIT><BATCH_ID>20150621</BATCH_ID><MSG_UID>1517102879838</MSG_UID><PFI_REPLAY_ID>1517102879838</PFI_REPLAY_ID></property><PFIRATED><![CDATA[<?xml version="1.0" encoding="UTF-8" standalone="yes"?>
<ns3:PFIRated vrsnNbr="1.1.1" publisherID="4" msgUID="1517102879838" msgTmstmp="2015-06-21T06:00:00" coCd="009" xmlns:ns2="http://ags.fedex.com/chagCodeCategory/" xmlns:ns4="http://xmlns.fedex.com/FDXREV.PFIRated.Shared/1.1.1" xmlns:ns3="http://xmlns.fedex.com/FDXREV.PFIRated/1.1.1" xmlns:ns5="http://xmlns.fedex.com/FDXREV.PFIRated.FXG/1.1.1">
    <ns3:rtngPrfl slctTmstmp="2015-06-21T06:00:00" revTranTypeCd="18" rateDt="2015-06-19T00:00:00" globalEntID="0">
        <ns3:charges>
            <ns3:charge ftrNbr="0.00" ctgyCd="N" code="050" PFI_ID="28798382" ID="ID_01">
                <ns3:ratedAmt val="24.82" currCd="USD"/>
            </ns3:charge>
            <ns3:charge ftrNbr="6.50" ctgyCd="S" code="819" PFI_ID="28798383" ID="ID_02">
                <ns3:ratedAmt val="1.66" currCd="USD"/>
            </ns3:charge>
            <ns3:charge ctgyCd="S" code="968" PFI_ID="2879842" ID="ID_03">
                <ns3:ratedAmt val="0.70" currCd="USD"/>
            </ns3:charge>
        </ns3:charges>
        <ns3:othrAmt>
            <ns3:amt val="27.18" type="itemNet" currCd="USD"/>
        </ns3:othrAmt>
        <ns3:opCoSpecific>
            <ns5:FDXFXG.RatingData versionNbr="1.1.1" svcCd="916" sortKey="806" custRefDate="2015-06-19" callTagAccessCd=" ">
                <ns5:alternateInfo trkngNbr="            " pfxTrkngNbr="00000000"/>
            </ns5:FDXFXG.RatingData>
        </ns3:opCoSpecific>
    </ns3:rtngPrfl>
    <ns3:invcngRqstInfo ldgrCmpny="009" LOBCd="00001">
        <ns3:billToInfo pymtPyrCd="3" pymtMthdCd="01" mediaTypeCd="0" currCd="USD" brkrNriInd="Y" blngCycleCd="00" bkrkInclInd="M"/>
        <ns3:billToAddr lglEntity="USA" cntryCd="US" acctNbr="102678834"/>
        <ns3:shpprAddr acctNbr="606505582"/>
        <ns3:rcpntAddr state="HI" pstl="96790      " custNm="                                   " cntryCd="US" cmpnyNm="179881                             " city="KULA                ">
            <ns4:addrLn lineNo="1">140 HOBRON AVENUE                  </ns4:addrLn>
            <ns4:addrLn lineNo="2">                                   </ns4:addrLn>
        </ns3:rcpntAddr>
        <ns3:refNotes purchOrdr="12345678901234500000000000000 " invoice="9000000001                    " dept="5J3Z2SCV                      "/>
        <ns3:rebill rsnCd="AUT" revStageSqncNbr="0" pkgSqncNbr="120198251" orgnlSrcSysID="LPAPP" orgnlInvNbr="120198251" orgnlInvDt="2015-06-19T00:00:00" messageID="" empID="0005008158" RACN="6033"/>
        <ns3:statCdInfo type="InfoMsg" engnCd="GD" code="5528"/>
        <ns3:statCdInfo type="InfoMsg" engnCd="GD" code="5526"/>
    </ns3:invcngRqstInfo>
    <ns3:svcInfo trkngNbrPfx="49092000" trkngNbr="070420000060" svcDt="2015-05-18" sqncNbr="2879838" rqstdSvcCd="95" revDt="2015-05-18" ratedSvcCd="95">
        <ns3:transportation totPkgQty="1" rcptMthdCd="R">
            <ns3:pkg subClassPstlCd="M" srtHubDesc="New Berlin     " sqncNbr="120198251" ratedAsPkgngTypeCd="01" prcsCtgCd="M" prclSizeTypeCd="N" pkgngTypeCd="01">
                <ns3:ID>
                    <ns3:trkngNbrPfx>49092000</ns3:trkngNbrPfx>
                    <ns3:trkngItmNbr>070420000060</ns3:trkngItmNbr>
                </ns3:ID>
                <ns3:dimensions>
                    <ns3:rated wdthQty="4" ovrSzCd="N" lenQty="6" hghtQty="1" UOM="I"/>
                </ns3:dimensions>
                <ns3:dlvryInfo tenderedDt="2015-05-18" dlvryCnfrmFlg="Y" actlDlvryDt="2015-05-18T00:00:00"/>
                <ns3:scanInfo>
                    <ns3:orgnlScan shpDt="20150518" rateSrcCd="SMP" acctNbr="606505582"/>
                </ns3:scanInfo>
                <ns3:weight>
                    <ns4:rated val="5.00" UOM="L"/>
                    <ns4:cust val="5.00" UOM="L"/>
                    <ns4:actual val="5.00" UOM="L"/>
                </ns3:weight>
            </ns3:pkg>
            <ns3:wghts>
                <ns4:rated val="5.00" UOM="L"/>
                <ns4:cust val="5.00" UOM="L"/>
                <ns4:actual val="5.00" UOM="L"/>
            </ns3:wghts>
        </ns3:transportation>
        <ns3:ratedOrigin sttnID="5531" region=" H" pstlCd="53151      " lglEnty="USA" currCd="USD" cntryCd="US" ID="NBWI"/>
        <ns3:ratedDest pstlCd="96790      " lglEnty="USA" currCd="USD" cntryCd="US" ID="    "/>
        <ns3:origin zone=" H" sttnID="5531" pstlCd="53151      " lglEnty="USA" currCd="USD" cntryCd="US" ID="NBWI"/>
        <ns3:dest pstlCd="96790      " lglEnty="USA" currCd="USD" cntryCd="US" ID="    "/>
        <ns3:qltyOfSvc svcRndrdCommitCd="false"/>
        <ns3:automtnInfo revAcctngSrcSys="SMP" orgnlSrcSysID="SMPT" mtrNbr="100243489" dvcNm="SMP"/>
    </ns3:svcInfo>
    <ns3:publish type="PFI" tpcNm="FDXREV.Smartpost.Rated.Inbound" msgUID="1517102879838"/>
    <ns3:revAcctngInfo revStgSqncNbr="1" revStgCd="1000" revCoCd="009" ldgrEnty="USA"/>
</ns3:PFIRated>]]></PFIRATED><RCCECONTROL><![CDATA[<?xml version="1.0" encoding="UTF-8" standalone="yes"?>
<RCCEControlMessage xmlns:ns2="http://ags.fedex.com/chagCodeCategory/" xmlns:ns4="http://xmlns.fedex.com/FDXREV.PFIRated.Shared/1.1.1" xmlns:ns3="http://xmlns.fedex.com/FDXREV.PFIRated/1.1.1" xmlns:ns5="http://xmlns.fedex.com/FDXREV.PFIRated.FXG/1.1.1">
    <CompanyCode>009</CompanyCode>
    <CreditTypeCode>X</CreditTypeCode>
    <HashAmount>27.18</HashAmount>
    <LineOfBusinessCode>00001</LineOfBusinessCode>
    <NamespaceName>GNDR.PFI.SMP</NamespaceName>
    <TransmitTimestamp>20150621 06:00:00</TransmitTimestamp>
    <TransactionName>GRPUB</TransactionName>
    <TransactionQuantity>1</TransactionQuantity>
    <PublisherID>42</PublisherID>
    <MessageID>1517102879838</MessageID>
    <DebugInformationDescription>Debug Information for GRPUB</DebugInformationDescription>
    <TimeZone>GMT</TimeZone>
    <VersionNumber>1.2.9</VersionNumber>
</RCCEControlMessage>]]></RCCECONTROL></Message><Message><property><LineOfBusiness>00001</LineOfBusiness><INTERCEPT_CREDIT>N</INTERCEPT_CREDIT><BATCH_ID>20150621</BATCH_ID><MSG_UID>1517102879841</MSG_UID><PFI_REPLAY_ID>1517102879841</PFI_REPLAY_ID></property><PFIRATED><![CDATA[<?xml version="1.0" encoding="UTF-8" standalone="yes"?>
<ns3:PFIRated vrsnNbr="1.1.1" publisherID="4" msgUID="1517102879841" msgTmstmp="2015-06-21T06:00:00" coCd="009" xmlns:ns2="http://ags.fedex.com/chagCodeCategory/" xmlns:ns4="http://xmlns.fedex.com/FDXREV.PFIRated.Shared/1.1.1" xmlns:ns3="http://xmlns.fedex.com/FDXREV.PFIRated/1.1.1" xmlns:ns5="http://xmlns.fedex.com/FDXREV.PFIRated.FXG/1.1.1">
    <ns3:rtngPrfl slctTmstmp="2015-06-21T06:00:00" revTranTypeCd="18" rateDt="2015-06-19T00:00:00" globalEntID="0">
        <ns3:charges>
            <ns3:charge ftrNbr="0.00" ctgyCd="N" code="050" PFI_ID="28798412" ID="ID_01">
                <ns3:ratedAmt val="10.33" currCd="USD"/>
            </ns3:charge>
            <ns3:charge ftrNbr="6.50" ctgyCd="S" code="819" PFI_ID="28798413" ID="ID_02">
                <ns3:ratedAmt val="0.67" currCd="USD"/>
            </ns3:charge>
        </ns3:charges>
        <ns3:othrAmt>
            <ns3:amt val="11.00" type="itemNet" currCd="USD"/>
        </ns3:othrAmt>
        <ns3:opCoSpecific>
            <ns5:FDXFXG.RatingData versionNbr="1.1.1" svcCd="918" sortKey="808" custRefDate="2015-06-19">
                <ns5:alternateInfo trkngNbr="            " pfxTrkngNbr="00000000"/>
            </ns5:FDXFXG.RatingData>
        </ns3:opCoSpecific>
    </ns3:rtngPrfl>
    <ns3:invcngRqstInfo ldgrCmpny="009" LOBCd="00001">
        <ns3:billToInfo pymtPyrCd="1" pymtMthdCd="01" mediaTypeCd="0" currCd="USD" brkrNriInd="N" blngCycleCd="00" bkrkInclInd="P"/>
        <ns3:billToAddr lglEntity="USA" cntryCd="US" acctNbr="606507402"/>
        <ns3:shpprAddr acctNbr="606507402"/>
        <ns3:rcpntAddr custNm="ADDRESS UNAVAILABLE"/>
        <ns3:refNotes shpr="PLC 14.3 NON DAS Returns      " purchOrdr="1.23457E+28                   " invoice="9000000003                    " dept="6TJZFQ7G                      "/>
        <ns3:rebill rsnCd="RSA" revStageSqncNbr="0" pkgSqncNbr="421139338" orgnlSrcSysID="LPAPP" orgnlInvNbr="421139338" orgnlInvDt="2015-06-19T00:00:00" messageID="" empID="0005008158" RACN="6033"/>
        <ns3:statCdInfo type="InfoMsg" engnCd="GD" code="5528"/>
        <ns3:statCdInfo type="InfoMsg" engnCd="GD" code="5526"/>
    </ns3:invcngRqstInfo>
    <ns3:svcInfo trkngNbrPfx="02393000" trkngNbr="021220050028" svcDt="2015-05-18" sqncNbr="2879841" rqstdSvcCd="95" revDt="2015-05-18" ratedSvcCd="95">
        <ns3:transportation totPkgQty="1" rcptMthdCd="R">
            <ns3:pkg subClassPstlCd="P" srtHubDesc="New Berlin     " sqncNbr="421139338" ratedAsPkgngTypeCd="01" prcsCtgCd="M" prclSizeTypeCd="N" pkgngTypeCd="01">
                <ns3:ID>
                    <ns3:trkngNbrPfx>02393000</ns3:trkngNbrPfx>
                    <ns3:trkngItmNbr>021220050028</ns3:trkngItmNbr>
                </ns3:ID>
                <ns3:dimensions>
                    <ns3:rated wdthQty="4" ovrSzCd="N" lenQty="6" hghtQty="1" UOM="I"/>
                </ns3:dimensions>
                <ns3:dlvryInfo tenderedDt="2015-05-18" dlvryCnfrmFlg="N" actlDlvryDt="2015-05-18T00:00:00"/>
                <ns3:scanInfo>
                    <ns3:orgnlScan shpDt="20150518" rateSrcCd="SMP" acctNbr="606507402"/>
                </ns3:scanInfo>
                <ns3:weight>
                    <ns4:rated val="5.00" UOM="L"/>
                    <ns4:cust val="5.00" UOM="L"/>
                    <ns4:actual val="5.00" UOM="L"/>
                </ns3:weight>
            </ns3:pkg>
            <ns3:wghts>
                <ns4:rated val="5.00" UOM="L"/>
                <ns4:cust val="5.00" UOM="L"/>
                <ns4:actual val="5.00" UOM="L"/>
            </ns3:wghts>
        </ns3:transportation>
        <ns3:ratedOrigin sttnID="5531" region=" 6" pstlCd="01007      " lglEnty="USA" currCd="USD" cntryCd="US" ID="NBWI"/>
        <ns3:ratedDest pstlCd="56950      " lglEnty="USA" currCd="USD" cntryCd="US" ID="    "/>
        <ns3:origin zone=" 6" sttnID="5531" pstlCd="01007      " lglEnty="USA" currCd="USD" cntryCd="US" ID="NBWI"/>
        <ns3:dest pstlCd="56950      " lglEnty="USA" currCd="USD" cntryCd="US" ID="    "/>
        <ns3:qltyOfSvc svcRndrdCommitCd="false"/>
        <ns3:automtnInfo revAcctngSrcSys="SMP" orgnlSrcSysID="SMPT" mtrNbr="100248125" dvcNm="SMP"/>
    </ns3:svcInfo>
    <ns3:publish type="PFI" tpcNm="FDXREV.Smartpost.Rated.Inbound" msgUID="1517102879841"/>
    <ns3:revAcctngInfo revStgSqncNbr="1" revStgCd="1000" revCoCd="009" ldgrEnty="USA"/>
</ns3:PFIRated>]]></PFIRATED><RCCECONTROL><![CDATA[<?xml version="1.0" encoding="UTF-8" standalone="yes"?>
<RCCEControlMessage xmlns:ns2="http://ags.fedex.com/chagCodeCategory/" xmlns:ns4="http://xmlns.fedex.com/FDXREV.PFIRated.Shared/1.1.1" xmlns:ns3="http://xmlns.fedex.com/FDXREV.PFIRated/1.1.1" xmlns:ns5="http://xmlns.fedex.com/FDXREV.PFIRated.FXG/1.1.1">
    <CompanyCode>009</CompanyCode>
    <CreditTypeCode>X</CreditTypeCode>
    <HashAmount>11.0</HashAmount>
    <LineOfBusinessCode>00001</LineOfBusinessCode>
    <NamespaceName>GNDR.PFI.SMP</NamespaceName>
    <TransmitTimestamp>20150621 06:00:00</TransmitTimestamp>
    <TransactionName>GRPUB</TransactionName>
    <TransactionQuantity>1</TransactionQuantity>
    <PublisherID>42</PublisherID>
    <MessageID>1517102879841</MessageID>
    <DebugInformationDescription>Debug Information for GRPUB</DebugInformationDescription>
    <TimeZone>GMT</TimeZone>
    <VersionNumber>1.2.9</VersionNumber>
</RCCEControlMessage>]]></RCCECONTROL></Message><Message><property><LineOfBusiness>00001</LineOfBusiness><INTERCEPT_CREDIT>N</INTERCEPT_CREDIT><BATCH_ID>20150621</BATCH_ID><MSG_UID>1517102879844</MSG_UID><PFI_REPLAY_ID>1517102879844</PFI_REPLAY_ID></property><PFIRATED><![CDATA[<?xml version="1.0" encoding="UTF-8" standalone="yes"?>
<ns3:PFIRated vrsnNbr="1.1.1" publisherID="4" msgUID="1517102879844" msgTmstmp="2015-06-21T06:00:00" coCd="009" xmlns:ns2="http://ags.fedex.com/chagCodeCategory/" xmlns:ns4="http://xmlns.fedex.com/FDXREV.PFIRated.Shared/1.1.1" xmlns:ns3="http://xmlns.fedex.com/FDXREV.PFIRated/1.1.1" xmlns:ns5="http://xmlns.fedex.com/FDXREV.PFIRated.FXG/1.1.1">
    <ns3:rtngPrfl slctTmstmp="2015-06-21T06:00:00" revTranTypeCd="18" rateDt="2015-06-19T00:00:00" globalEntID="0">
        <ns3:charges>
            <ns3:charge ftrNbr="0.00" ctgyCd="N" code="050" PFI_ID="28798442" ID="ID_01">
                <ns3:ratedAmt val="10.09" currCd="USD"/>
            </ns3:charge>
            <ns3:charge ftrNbr="6.50" ctgyCd="S" code="819" PFI_ID="28798443" ID="ID_02">
                <ns3:ratedAmt val="0.69" currCd="USD"/>
            </ns3:charge>
            <ns3:charge ctgyCd="S" code="960" PFI_ID="2879848" ID="ID_03">
                <ns3:ratedAmt val="0.50" currCd="USD"/>
            </ns3:charge>
        </ns3:charges>
        <ns3:othrAmt>
            <ns3:amt val="11.28" type="itemNet" currCd="USD"/>
        </ns3:othrAmt>
        <ns3:opCoSpecific>
            <ns5:FDXFXG.RatingData versionNbr="1.1.1" svcCd="915" sortKey="805" custRefDate="2015-06-19" callTagAccessCd=" ">
                <ns5:alternateInfo trkngNbr="            " pfxTrkngNbr="00000000"/>
            </ns5:FDXFXG.RatingData>
        </ns3:opCoSpecific>
    </ns3:rtngPrfl>
    <ns3:invcngRqstInfo ldgrCmpny="009" LOBCd="00001">
        <ns3:billToInfo pymtPyrCd="1" pymtMthdCd="01" mediaTypeCd="0" currCd="USD" brkrNriInd="Y" blngCycleCd="00" bkrkInclInd="B"/>
        <ns3:billToAddr lglEntity="USA" cntryCd="US" acctNbr="603645120"/>
        <ns3:shpprAddr acctNbr="603645120"/>
        <ns3:rcpntAddr custNm="ADDRESS UNAVAILABLE"/>
        <ns3:refNotes purchOrdr="1.23457E+28                   " invoice="9000000004                    " dept="5J3Z2SCX                      "/>
        <ns3:rebill rsnCd="AUT" revStageSqncNbr="0" pkgSqncNbr="421138962" orgnlSrcSysID="LPAPP" orgnlInvNbr="421138962" orgnlInvDt="2015-06-19T00:00:00" messageID="" empID="0000437423" RACN="6032"/>
        <ns3:statCdInfo type="InfoMsg" engnCd="GD" code="5526"/>
    </ns3:invcngRqstInfo>
    <ns3:svcInfo trkngNbrPfx="41992000" trkngNbr="070320000017" svcDt="2015-05-18" sqncNbr="2879844" rqstdSvcCd="95" revDt="2015-05-18" ratedSvcCd="95">
        <ns3:transportation totPkgQty="1" rcptMthdCd="R">
            <ns3:pkg subClassPstlCd="B" srtHubDesc="New Berlin     " sqncNbr="421138962" ratedAsPkgngTypeCd="01" prcsCtgCd="M" prclSizeTypeCd="N" pkgngTypeCd="01">
                <ns3:ID>
                    <ns3:trkngNbrPfx>41992000</ns3:trkngNbrPfx>
                    <ns3:trkngItmNbr>070320000017</ns3:trkngItmNbr>
                </ns3:ID>
                <ns3:dimensions>
                    <ns3:rated wdthQty="4" ovrSzCd="N" lenQty="6" hghtQty="1" UOM="I"/>
                </ns3:dimensions>
                <ns3:dlvryInfo tenderedDt="2015-05-18" dlvryCnfrmFlg="Y" actlDlvryDt="2015-05-18T00:00:00"/>
                <ns3:scanInfo>
                    <ns3:orgnlScan shpDt="20150518" rateSrcCd="SMP" acctNbr="603645120"/>
                </ns3:scanInfo>
                <ns3:weight>
                    <ns4:rated val="5.00" UOM="L"/>
                    <ns4:cust val="5.00" UOM="L"/>
                    <ns4:actual val="5.00" UOM="L"/>
                </ns3:weight>
            </ns3:pkg>
            <ns3:wghts>
                <ns4:rated val="5.00" UOM="L"/>
                <ns4:cust val="5.00" UOM="L"/>
                <ns4:actual val="5.00" UOM="L"/>
            </ns3:wghts>
        </ns3:transportation>
        <ns3:ratedOrigin sttnID="5531" region=" 5" pstlCd="53151      " lglEnty="USA" currCd="USD" cntryCd="US" ID="NBWI"/>
        <ns3:ratedDest pstlCd="06330      " lglEnty="USA" currCd="USD" cntryCd="US" ID="    "/>
        <ns3:origin zone=" 5" sttnID="5531" pstlCd="53151      " lglEnty="USA" currCd="USD" cntryCd="US" ID="NBWI"/>
        <ns3:dest pstlCd="06330      " lglEnty="USA" currCd="USD" cntryCd="US" ID="    "/>
        <ns3:qltyOfSvc svcRndrdCommitCd="false"/>
        <ns3:automtnInfo revAcctngSrcSys="SMP" orgnlSrcSysID="SMPT" mtrNbr="100243488" dvcNm="SMP"/>
    </ns3:svcInfo>
    <ns3:publish type="PFI" tpcNm="FDXREV.Smartpost.Rated.Inbound" msgUID="1517102879844"/>
    <ns3:revAcctngInfo revStgSqncNbr="1" revStgCd="1000" revCoCd="009" ldgrEnty="USA"/>
</ns3:PFIRated>]]></PFIRATED><RCCECONTROL><![CDATA[<?xml version="1.0" encoding="UTF-8" standalone="yes"?>
<RCCEControlMessage xmlns:ns2="http://ags.fedex.com/chagCodeCategory/" xmlns:ns4="http://xmlns.fedex.com/FDXREV.PFIRated.Shared/1.1.1" xmlns:ns3="http://xmlns.fedex.com/FDXREV.PFIRated/1.1.1" xmlns:ns5="http://xmlns.fedex.com/FDXREV.PFIRated.FXG/1.1.1">
    <CompanyCode>009</CompanyCode>
    <CreditTypeCode>X</CreditTypeCode>
    <HashAmount>11.28</HashAmount>
    <LineOfBusinessCode>00001</LineOfBusinessCode>
    <NamespaceName>GNDR.PFI.SMP</NamespaceName>
    <TransmitTimestamp>20150621 06:00:00</TransmitTimestamp>
    <TransactionName>GRPUB</TransactionName>
    <TransactionQuantity>1</TransactionQuantity>
    <PublisherID>42</PublisherID>
    <MessageID>1517102879844</MessageID>
    <DebugInformationDescription>Debug Information for GRPUB</DebugInformationDescription>
    <TimeZone>GMT</TimeZone>
    <VersionNumber>1.2.9</VersionNumber>
</RCCEControlMessage>]]></RCCECONTROL></Message><Message><property><LineOfBusiness>00001</LineOfBusiness><INTERCEPT_CREDIT>N</INTERCEPT_CREDIT><BATCH_ID>20150621</BATCH_ID><MSG_UID>1517102879847</MSG_UID><PFI_REPLAY_ID>1517102879847</PFI_REPLAY_ID></property><PFIRATED><![CDATA[<?xml version="1.0" encoding="UTF-8" standalone="yes"?>
<ns3:PFIRated vrsnNbr="1.1.1" publisherID="4" msgUID="1517102879847" msgTmstmp="2015-06-21T06:00:00" coCd="009" xmlns:ns2="http://ags.fedex.com/chagCodeCategory/" xmlns:ns4="http://xmlns.fedex.com/FDXREV.PFIRated.Shared/1.1.1" xmlns:ns3="http://xmlns.fedex.com/FDXREV.PFIRated/1.1.1" xmlns:ns5="http://xmlns.fedex.com/FDXREV.PFIRated.FXG/1.1.1">
    <ns3:rtngPrfl slctTmstmp="2015-06-21T06:00:00" revTranTypeCd="18" rateDt="2015-06-19T00:00:00" globalEntID="0">
        <ns3:charges>
            <ns3:charge ftrNbr="0.00" ctgyCd="N" code="050" PFI_ID="28798472" ID="ID_01">
                <ns3:ratedAmt val="12.70" currCd="USD"/>
            </ns3:charge>
            <ns3:charge mthdCd="P" ftrNbr="3.00" ctgyCd="D" code="257" PFI_ID="28798473" ID="ID_02">
                <ns3:ratedAmt val="-0.38" currCd="USD"/>
            </ns3:charge>
            <ns3:charge ftrNbr="6.50" ctgyCd="S" code="819" PFI_ID="28798474" ID="ID_03">
                <ns3:ratedAmt val="0.83" currCd="USD"/>
            </ns3:charge>
            <ns3:charge ctgyCd="S" code="960" PFI_ID="2879852" ID="ID_04">
                <ns3:ratedAmt val="0.50" currCd="USD"/>
            </ns3:charge>
        </ns3:charges>
        <ns3:othrAmt>
            <ns3:amt val="13.65" type="itemNet" currCd="USD"/>
        </ns3:othrAmt>
        <ns3:opCoSpecific>
            <ns5:FDXFXG.RatingData versionNbr="1.1.1" svcCd="915" sortKey="805" custRefDate="2015-06-19" callTagAccessCd=" ">
                <ns5:alternateInfo trkngNbr="            " pfxTrkngNbr="00000000"/>
            </ns5:FDXFXG.RatingData>
        </ns3:opCoSpecific>
    </ns3:rtngPrfl>
    <ns3:invcngRqstInfo ldgrCmpny="009" LOBCd="00001">
        <ns3:billToInfo pymtPyrCd="3" pymtMthdCd="01" mediaTypeCd="0" currCd="USD" brkrNriInd="Y" blngCycleCd="00" bkrkInclInd="B"/>
        <ns3:billToAddr lglEntity="USA" cntryCd="US" acctNbr="606505582"/>
        <ns3:shpprAddr acctNbr="601925800"/>
        <ns3:rcpntAddr state="CT" pstl="06330      " custNm="                                   " cntryCd="US" cmpnyNm="179872                             " city="WILLINGTON          ">
            <ns4:addrLn lineNo="1">350 RUBY ROADWILLINGTON            </ns4:addrLn>
            <ns4:addrLn lineNo="2">                                   </ns4:addrLn>
        </ns3:rcpntAddr>
        <ns3:refNotes purchOrdr="1.23457E+28                   " invoice="9000000005                    " dept="5N5IEIMK                      "/>
        <ns3:rebill rsnCd="RTA" revStageSqncNbr="0" pkgSqncNbr="421140752" orgnlSrcSysID="MMAS" orgnlInvNbr="421140752" orgnlInvDt="2015-06-19T00:00:00" messageID="" empID="0000995000" RACN="6033"/>
        <ns3:statCdInfo type="InfoMsg" engnCd="GD" code="5528"/>
        <ns3:statCdInfo type="InfoMsg" engnCd="GD" code="5526"/>
    </ns3:invcngRqstInfo>
    <ns3:svcInfo trkngNbrPfx="41992000" trkngNbr="028420055666" svcDt="2015-05-27" sqncNbr="2879847" rqstdSvcCd="95" revDt="2015-05-27" ratedSvcCd="95">
        <ns3:transportation totPkgQty="1" rcptMthdCd="R">
            <ns3:pkg subClassPstlCd="B" srtHubDesc="Edison         " sqncNbr="421140752" ratedAsPkgngTypeCd="01" prcsCtgCd="M" prclSizeTypeCd="N" pkgngTypeCd="01">
                <ns3:ID>
                    <ns3:trkngNbrPfx>41992000</ns3:trkngNbrPfx>
                    <ns3:trkngItmNbr>028420055666</ns3:trkngItmNbr>
                </ns3:ID>
                <ns3:dimensions>
                    <ns3:rated wdthQty="4" ovrSzCd="N" lenQty="6" hghtQty="1" UOM="I"/>
                </ns3:dimensions>
                <ns3:dlvryInfo tenderedDt="2015-05-27" dlvryCnfrmFlg="Y" actlDlvryDt="2015-05-27T00:00:00"/>
                <ns3:scanInfo>
                    <ns3:orgnlScan shpDt="20150527" rateSrcCd="SMP" acctNbr="601925800"/>
                </ns3:scanInfo>
                <ns3:weight>
                    <ns4:rated val="5.00" UOM="L"/>
                    <ns4:cust val="5.00" UOM="L"/>
                    <ns4:actual val="5.00" UOM="L"/>
                </ns3:weight>
            </ns3:pkg>
            <ns3:wghts>
                <ns4:rated val="5.00" UOM="L"/>
                <ns4:cust val="5.00" UOM="L"/>
                <ns4:actual val="5.00" UOM="L"/>
            </ns3:wghts>
        </ns3:transportation>
        <ns3:ratedOrigin sttnID="5087" region=" 8" pstlCd="92627      " lglEnty="USA" currCd="USD" cntryCd="US" ID="EDNJ"/>
        <ns3:ratedDest pstlCd="06330      " lglEnty="USA" currCd="USD" cntryCd="US" ID="    "/>
        <ns3:origin zone=" 8" sttnID="5087" pstlCd="92627      " lglEnty="USA" currCd="USD" cntryCd="US" ID="EDNJ"/>
        <ns3:dest pstlCd="06330      " lglEnty="USA" currCd="USD" cntryCd="US" ID="    "/>
        <ns3:qltyOfSvc svcRndrdCommitCd="false"/>
        <ns3:erndDscnt>
            <ns3:amt val="139.60" currCd="USD"/>
        </ns3:erndDscnt>
        <ns3:automtnInfo revAcctngSrcSys="SMP" orgnlSrcSysID="SMPT" mtrNbr="100173896" dvcNm="SMP"/>
    </ns3:svcInfo>
    <ns3:publish type="PFI" tpcNm="FDXREV.Smartpost.Rated.Inbound" msgUID="1517102879847"/>
    <ns3:revAcctngInfo revStgSqncNbr="1" revStgCd="1000" revCoCd="009" ldgrEnty="USA"/>
</ns3:PFIRated>]]></PFIRATED><RCCECONTROL><![CDATA[<?xml version="1.0" encoding="UTF-8" standalone="yes"?>
<RCCEControlMessage xmlns:ns2="http://ags.fedex.com/chagCodeCategory/" xmlns:ns4="http://xmlns.fedex.com/FDXREV.PFIRated.Shared/1.1.1" xmlns:ns3="http://xmlns.fedex.com/FDXREV.PFIRated/1.1.1" xmlns:ns5="http://xmlns.fedex.com/FDXREV.PFIRated.FXG/1.1.1">
    <CompanyCode>009</CompanyCode>
    <CreditTypeCode>X</CreditTypeCode>
    <HashAmount>13.65</HashAmount>
    <LineOfBusinessCode>00001</LineOfBusinessCode>
    <NamespaceName>GNDR.PFI.SMP</NamespaceName>
    <TransmitTimestamp>20150621 06:00:00</TransmitTimestamp>
    <TransactionName>GRPUB</TransactionName>
    <TransactionQuantity>1</TransactionQuantity>
    <PublisherID>42</PublisherID>
    <MessageID>1517102879847</MessageID>
    <DebugInformationDescription>Debug Information for GRPUB</DebugInformationDescription>
    <TimeZone>GMT</TimeZone>
    <VersionNumber>1.2.9</VersionNumber>
</RCCEControlMessage>]]></RCCECONTROL></Message><Message><property><LineOfBusiness>00001</LineOfBusiness><INTERCEPT_CREDIT>N</INTERCEPT_CREDIT><BATCH_ID>20150621</BATCH_ID><MSG_UID>1517102879850</MSG_UID><PFI_REPLAY_ID>1517102879850</PFI_REPLAY_ID></property><PFIRATED><![CDATA[<?xml version="1.0" encoding="UTF-8" standalone="yes"?>
<ns3:PFIRated vrsnNbr="1.1.1" publisherID="4" msgUID="1517102879850" msgTmstmp="2015-06-21T06:00:00" coCd="009" xmlns:ns2="http://ags.fedex.com/chagCodeCategory/" xmlns:ns4="http://xmlns.fedex.com/FDXREV.PFIRated.Shared/1.1.1" xmlns:ns3="http://xmlns.fedex.com/FDXREV.PFIRated/1.1.1" xmlns:ns5="http://xmlns.fedex.com/FDXREV.PFIRated.FXG/1.1.1">
    <ns3:rtngPrfl slctTmstmp="2015-06-21T06:00:00" revTranTypeCd="18" rateDt="2015-06-19T00:00:00" globalEntID="0">
        <ns3:charges>
            <ns3:charge ftrNbr="0.00" ctgyCd="N" code="050" PFI_ID="28798502" ID="ID_01">
                <ns3:ratedAmt val="11.10" currCd="USD"/>
            </ns3:charge>
            <ns3:charge ftrNbr="6.50" ctgyCd="S" code="819" PFI_ID="28798503" ID="ID_02">
                <ns3:ratedAmt val="0.72" currCd="USD"/>
            </ns3:charge>
        </ns3:charges>
        <ns3:othrAmt>
            <ns3:amt val="11.82" type="itemNet" currCd="USD"/>
        </ns3:othrAmt>
        <ns3:opCoSpecific>
            <ns5:FDXFXG.RatingData versionNbr="1.1.1" svcCd="918" sortKey="808" custRefDate="2015-06-19">
                <ns5:alternateInfo trkngNbr="            " pfxTrkngNbr="00000000"/>
            </ns5:FDXFXG.RatingData>
        </ns3:opCoSpecific>
    </ns3:rtngPrfl>
    <ns3:invcngRqstInfo ldgrCmpny="009" LOBCd="00001">
        <ns3:billToInfo pymtPyrCd="2" pymtMthdCd="01" mediaTypeCd="0" currCd="USD" brkrNriInd="N" blngCycleCd="00" bkrkInclInd="P"/>
        <ns3:billToAddr lglEntity="USA" cntryCd="US" acctNbr="606471386"/>
        <ns3:shpprAddr acctNbr="606507402"/>
        <ns3:rcpntAddr state="  " pstl="           " custNm="                                   " cntryCd="US" cmpnyNm="ADDRESS UNAVAILABLE                " city="                    " acctNbr="606471386">
            <ns4:addrLn lineNo="1">                                   </ns4:addrLn>
            <ns4:addrLn lineNo="2">                                   </ns4:addrLn>
        </ns3:rcpntAddr>
        <ns3:refNotes shpr="PLC 14.3 Variable discount 55%" purchOrdr="1.23457E+28                   " invoice="9000000008                    " dept="6TJZFQ6Z                      "/>
        <ns3:rebill rsnCd="RRA" revStageSqncNbr="0" pkgSqncNbr="421139338" orgnlSrcSysID="LPAPP" orgnlInvNbr="421139338" orgnlInvDt="2015-06-19T00:00:00" messageID="" empID="0005008158" RACN="6033"/>
        <ns3:statCdInfo type="InfoMsg" engnCd="GD" code="5528"/>
        <ns3:statCdInfo type="InfoMsg" engnCd="GD" code="5526"/>
    </ns3:invcngRqstInfo>
    <ns3:svcInfo trkngNbrPfx="02393000" trkngNbr="021220050011" svcDt="2015-05-18" sqncNbr="2879850" rqstdSvcCd="95" revDt="2015-05-18" ratedSvcCd="95">
        <ns3:transportation totPkgQty="1" rcptMthdCd="R">
            <ns3:pkg subClassPstlCd="P" srtHubDesc="New Berlin     " sqncNbr="421139338" ratedAsPkgngTypeCd="01" prcsCtgCd="M" prclSizeTypeCd="N" pkgngTypeCd="01">
                <ns3:ID>
                    <ns3:trkngNbrPfx>02393000</ns3:trkngNbrPfx>
                    <ns3:trkngItmNbr>021220050011</ns3:trkngItmNbr>
                </ns3:ID>
                <ns3:dimensions>
                    <ns3:rated wdthQty="10" ovrSzCd="N" lenQty="15" hghtQty="10" UOM="I"/>
                </ns3:dimensions>
                <ns3:dlvryInfo tenderedDt="2015-05-18" dlvryCnfrmFlg="N" actlDlvryDt="2015-05-18T00:00:00"/>
                <ns3:scanInfo>
                    <ns3:orgnlScan shpDt="20150518" rateSrcCd="SMP" acctNbr="606507402"/>
                </ns3:scanInfo>
                <ns3:weight>
                    <ns4:rated val="8.00" UOM="L"/>
                    <ns4:cust val="8.00" UOM="L"/>
                    <ns4:actual val="8.00" UOM="L"/>
                </ns3:weight>
            </ns3:pkg>
            <ns3:wghts>
                <ns4:rated val="8.00" UOM="L"/>
                <ns4:cust val="8.00" UOM="L"/>
                <ns4:actual val="8.00" UOM="L"/>
            </ns3:wghts>
        </ns3:transportation>
        <ns3:ratedOrigin sttnID="5531" region=" 6" pstlCd="01007      " lglEnty="USA" currCd="USD" cntryCd="US" ID="NBWI"/>
        <ns3:ratedDest pstlCd="56950      " lglEnty="USA" currCd="USD" cntryCd="US" ID="    "/>
        <ns3:origin zone=" 6" sttnID="5531" pstlCd="01007      " lglEnty="USA" currCd="USD" cntryCd="US" ID="NBWI"/>
        <ns3:dest pstlCd="56950      " lglEnty="USA" currCd="USD" cntryCd="US" ID="    "/>
        <ns3:qltyOfSvc svcRndrdCommitCd="false"/>
        <ns3:automtnInfo revAcctngSrcSys="SMP" orgnlSrcSysID="SMPT" mtrNbr="100248125" dvcNm="SMP"/>
    </ns3:svcInfo>
    <ns3:publish type="PFI" tpcNm="FDXREV.Smartpost.Rated.Inbound" msgUID="1517102879850"/>
    <ns3:revAcctngInfo revStgSqncNbr="1" revStgCd="1000" revCoCd="009" ldgrEnty="USA"/>
</ns3:PFIRated>]]></PFIRATED><RCCECONTROL><![CDATA[<?xml version="1.0" encoding="UTF-8" standalone="yes"?>
<RCCEControlMessage xmlns:ns2="http://ags.fedex.com/chagCodeCategory/" xmlns:ns4="http://xmlns.fedex.com/FDXREV.PFIRated.Shared/1.1.1" xmlns:ns3="http://xmlns.fedex.com/FDXREV.PFIRated/1.1.1" xmlns:ns5="http://xmlns.fedex.com/FDXREV.PFIRated.FXG/1.1.1">
    <CompanyCode>009</CompanyCode>
    <CreditTypeCode>X</CreditTypeCode>
    <HashAmount>11.82</HashAmount>
    <LineOfBusinessCode>00001</LineOfBusinessCode>
    <NamespaceName>GNDR.PFI.SMP</NamespaceName>
    <TransmitTimestamp>20150621 06:00:00</TransmitTimestamp>
    <TransactionName>GRPUB</TransactionName>
    <TransactionQuantity>1</TransactionQuantity>
    <PublisherID>42</PublisherID>
    <MessageID>1517102879850</MessageID>
    <DebugInformationDescription>Debug Information for GRPUB</DebugInformationDescription>
    <TimeZone>GMT</TimeZone>
    <VersionNumber>1.2.9</VersionNumber>
</RCCEControlMessage>]]></RCCECONTROL></Message><Message><property><LineOfBusiness>00001</LineOfBusiness><INTERCEPT_CREDIT>N</INTERCEPT_CREDIT><BATCH_ID>20150621</BATCH_ID><MSG_UID>1517102879853</MSG_UID><PFI_REPLAY_ID>1517102879853</PFI_REPLAY_ID></property><PFIRATED><![CDATA[<?xml version="1.0" encoding="UTF-8" standalone="yes"?>
<ns3:PFIRated vrsnNbr="1.1.1" publisherID="4" msgUID="1517102879853" msgTmstmp="2015-06-21T06:00:00" coCd="009" xmlns:ns2="http://ags.fedex.com/chagCodeCategory/" xmlns:ns4="http://xmlns.fedex.com/FDXREV.PFIRated.Shared/1.1.1" xmlns:ns3="http://xmlns.fedex.com/FDXREV.PFIRated/1.1.1" xmlns:ns5="http://xmlns.fedex.com/FDXREV.PFIRated.FXG/1.1.1">
    <ns3:rtngPrfl slctTmstmp="2015-06-21T06:00:00" revTranTypeCd="18" rateDt="2015-06-19T00:00:00" globalEntID="0">
        <ns3:charges>
            <ns3:charge ftrNbr="0.00" ctgyCd="N" code="050" PFI_ID="28798532" ID="ID_01">
                <ns3:ratedAmt val="10.29" currCd="USD"/>
            </ns3:charge>
            <ns3:charge ftrNbr="6.50" ctgyCd="S" code="819" PFI_ID="28798533" ID="ID_02">
                <ns3:ratedAmt val="0.70" currCd="USD"/>
            </ns3:charge>
            <ns3:charge ctgyCd="S" code="960" PFI_ID="2879857" ID="ID_03">
                <ns3:ratedAmt val="0.50" currCd="USD"/>
            </ns3:charge>
        </ns3:charges>
        <ns3:othrAmt>
            <ns3:amt val="11.49" type="itemNet" currCd="USD"/>
        </ns3:othrAmt>
        <ns3:opCoSpecific>
            <ns5:FDXFXG.RatingData versionNbr="1.1.1" svcCd="915" sortKey="805" custRefDate="2015-06-19" callTagAccessCd=" ">
                <ns5:alternateInfo trkngNbr="            " pfxTrkngNbr="00000000"/>
            </ns5:FDXFXG.RatingData>
        </ns3:opCoSpecific>
    </ns3:rtngPrfl>
    <ns3:invcngRqstInfo ldgrCmpny="009" LOBCd="00001">
        <ns3:billToInfo pymtPyrCd="2" pymtMthdCd="01" mediaTypeCd="0" currCd="USD" brkrNriInd="Y" blngCycleCd="00" bkrkInclInd="B"/>
        <ns3:billToAddr lglEntity="USA" cntryCd="US" acctNbr="606503288"/>
        <ns3:shpprAddr acctNbr="606508042"/>
        <ns3:rcpntAddr state="NH" pstl="03044      " custNm="                                   " cntryCd="US" cmpnyNm="179928                             " city="FREMONT             " acctNbr="606503288">
            <ns4:addrLn lineNo="1">4 KITTY HAWK LANDING               </ns4:addrLn>
            <ns4:addrLn lineNo="2">                                   </ns4:addrLn>
        </ns3:rcpntAddr>
        <ns3:refNotes purchOrdr="1.23457E+28                   " invoice="9000000009                    " dept="5N5IDBTU                      "/>
        <ns3:rebill rsnCd="RRA" revStageSqncNbr="0" pkgSqncNbr="421140752" orgnlSrcSysID="LPAPP" orgnlInvNbr="421140752" orgnlInvDt="2015-06-19T00:00:00" messageID="" empID="0000815724" RACN="6033"/>
        <ns3:statCdInfo type="InfoMsg" engnCd="GD" code="5528"/>
        <ns3:statCdInfo type="InfoMsg" engnCd="GD" code="5526"/>
    </ns3:invcngRqstInfo>
    <ns3:svcInfo trkngNbrPfx="41992000" trkngNbr="071820000040" svcDt="2015-05-27" sqncNbr="2879853" rqstdSvcCd="95" revDt="2015-05-27" ratedSvcCd="95">
        <ns3:transportation totPkgQty="1" rcptMthdCd="R">
            <ns3:pkg subClassPstlCd="B" srtHubDesc="New Berlin     " sqncNbr="421140752" ratedAsPkgngTypeCd="01" prcsCtgCd="M" prclSizeTypeCd="N" pkgngTypeCd="01">
                <ns3:ID>
                    <ns3:trkngNbrPfx>41992000</ns3:trkngNbrPfx>
                    <ns3:trkngItmNbr>071820000040</ns3:trkngItmNbr>
                </ns3:ID>
                <ns3:dimensions>
                    <ns3:rated wdthQty="4" ovrSzCd="N" lenQty="6" hghtQty="1" UOM="I"/>
                </ns3:dimensions>
                <ns3:dlvryInfo tenderedDt="2015-05-27" dlvryCnfrmFlg="Y" actlDlvryDt="2015-05-27T00:00:00"/>
                <ns3:scanInfo>
                    <ns3:orgnlScan shpDt="20150527" rateSrcCd="SMP" acctNbr="606508042"/>
                </ns3:scanInfo>
                <ns3:weight>
                    <ns4:rated val="6.00" UOM="L"/>
                    <ns4:cust val="6.00" UOM="L"/>
                    <ns4:actual val="6.00" UOM="L"/>
                </ns3:weight>
            </ns3:pkg>
            <ns3:wghts>
                <ns4:rated val="6.00" UOM="L"/>
                <ns4:cust val="6.00" UOM="L"/>
                <ns4:actual val="6.00" UOM="L"/>
            </ns3:wghts>
        </ns3:transportation>
        <ns3:ratedOrigin sttnID="5531" region=" 5" pstlCd="53151      " lglEnty="USA" currCd="USD" cntryCd="US" ID="NBWI"/>
        <ns3:ratedDest pstlCd="03044      " lglEnty="USA" currCd="USD" cntryCd="US" ID="    "/>
        <ns3:origin zone=" 5" sttnID="5531" pstlCd="53151      " lglEnty="USA" currCd="USD" cntryCd="US" ID="NBWI"/>
        <ns3:dest pstlCd="03044      " lglEnty="USA" currCd="USD" cntryCd="US" ID="    "/>
        <ns3:qltyOfSvc svcRndrdCommitCd="false"/>
        <ns3:automtnInfo revAcctngSrcSys="SMP" orgnlSrcSysID="SMPT" mtrNbr="100243504" dvcNm="SMP"/>
    </ns3:svcInfo>
    <ns3:publish type="PFI" tpcNm="FDXREV.Smartpost.Rated.Inbound" msgUID="1517102879853"/>
    <ns3:revAcctngInfo revStgSqncNbr="1" revStgCd="1000" revCoCd="009" ldgrEnty="USA"/>
</ns3:PFIRated>]]></PFIRATED><RCCECONTROL><![CDATA[<?xml version="1.0" encoding="UTF-8" standalone="yes"?>
<RCCEControlMessage xmlns:ns2="http://ags.fedex.com/chagCodeCategory/" xmlns:ns4="http://xmlns.fedex.com/FDXREV.PFIRated.Shared/1.1.1" xmlns:ns3="http://xmlns.fedex.com/FDXREV.PFIRated/1.1.1" xmlns:ns5="http://xmlns.fedex.com/FDXREV.PFIRated.FXG/1.1.1">
    <CompanyCode>009</CompanyCode>
    <CreditTypeCode>X</CreditTypeCode>
    <HashAmount>11.49</HashAmount>
    <LineOfBusinessCode>00001</LineOfBusinessCode>
    <NamespaceName>GNDR.PFI.SMP</NamespaceName>
    <TransmitTimestamp>20150621 06:00:00</TransmitTimestamp>
    <TransactionName>GRPUB</TransactionName>
    <TransactionQuantity>1</TransactionQuantity>
    <PublisherID>42</PublisherID>
    <MessageID>1517102879853</MessageID>
    <DebugInformationDescription>Debug Information for GRPUB</DebugInformationDescription>
    <TimeZone>GMT</TimeZone>
    <VersionNumber>1.2.9</VersionNumber>
</RCCEControlMessage>]]></RCCECONTROL></Message><Message><property><LineOfBusiness>00001</LineOfBusiness><INTERCEPT_CREDIT>N</INTERCEPT_CREDIT><BATCH_ID>20150621</BATCH_ID><MSG_UID>1517102879856</MSG_UID><PFI_REPLAY_ID>1517102879856</PFI_REPLAY_ID></property><PFIRATED><![CDATA[<?xml version="1.0" encoding="UTF-8" standalone="yes"?>
<ns3:PFIRated vrsnNbr="1.1.1" publisherID="4" msgUID="1517102879856" msgTmstmp="2015-06-21T06:00:00" coCd="009" xmlns:ns2="http://ags.fedex.com/chagCodeCategory/" xmlns:ns4="http://xmlns.fedex.com/FDXREV.PFIRated.Shared/1.1.1" xmlns:ns3="http://xmlns.fedex.com/FDXREV.PFIRated/1.1.1" xmlns:ns5="http://xmlns.fedex.com/FDXREV.PFIRated.FXG/1.1.1">
    <ns3:rtngPrfl slctTmstmp="2015-06-21T06:00:00" revTranTypeCd="18" rateDt="2015-06-19T00:00:00" globalEntID="0">
        <ns3:charges>
            <ns3:charge ftrNbr="0.00" ctgyCd="N" code="050" PFI_ID="28798562" ID="ID_01">
                <ns3:ratedAmt val="9.60" currCd="USD"/>
            </ns3:charge>
            <ns3:charge ftrNbr="6.50" ctgyCd="S" code="819" PFI_ID="28798563" ID="ID_02">
                <ns3:ratedAmt val="0.62" currCd="USD"/>
            </ns3:charge>
        </ns3:charges>
        <ns3:othrAmt>
            <ns3:amt val="10.22" type="itemNet" currCd="USD"/>
        </ns3:othrAmt>
        <ns3:opCoSpecific>
            <ns5:FDXFXG.RatingData versionNbr="1.1.1" svcCd="913" sortKey="803" custRefDate="2015-06-19">
                <ns5:alternateInfo trkngNbr="            " pfxTrkngNbr="00000000"/>
            </ns5:FDXFXG.RatingData>
        </ns3:opCoSpecific>
    </ns3:rtngPrfl>
    <ns3:invcngRqstInfo ldgrCmpny="009" LOBCd="00001">
        <ns3:billToInfo pymtPyrCd="3" pymtMthdCd="01" mediaTypeCd="0" currCd="USD" brkrNriInd="Y" blngCycleCd="00" bkrkInclInd="P"/>
        <ns3:billToAddr lglEntity="USA" cntryCd="US" acctNbr="606444443"/>
        <ns3:shpprAddr acctNbr="606444583"/>
        <ns3:rcpntAddr state="  " pstl="           " custNm="                                   " cntryCd="US" cmpnyNm="ADDRESS UNAVAILABLE                " city="                    ">
            <ns4:addrLn lineNo="1">                                   </ns4:addrLn>
            <ns4:addrLn lineNo="2">                                   </ns4:addrLn>
        </ns3:rcpntAddr>
        <ns3:refNotes invoice="9000000010                    "/>
        <ns3:rebill rsnCd="RTA" revStageSqncNbr="0" pkgSqncNbr="421140751" orgnlSrcSysID="MMAS" orgnlInvNbr="421140751" orgnlInvDt="2015-06-19T00:00:00" messageID="" empID="0000995000" RACN="6033"/>
        <ns3:statCdInfo type="InfoMsg" engnCd="GD" code="5526"/>
    </ns3:invcngRqstInfo>
    <ns3:svcInfo trkngNbrPfx="61292000" trkngNbr="072020000026" svcDt="2015-05-27" sqncNbr="2879856" rqstdSvcCd="95" revDt="2015-05-27" ratedSvcCd="95">
        <ns3:transportation totPkgQty="1" rcptMthdCd="R">
            <ns3:pkg subClassPstlCd="P" srtHubDesc="Charlotte      " sqncNbr="421140751" ratedAsPkgngTypeCd="01" prcsCtgCd="M" prclSizeTypeCd="N" pkgngTypeCd="01">
                <ns3:ID>
                    <ns3:trkngNbrPfx>61292000</ns3:trkngNbrPfx>
                    <ns3:trkngItmNbr>072020000026</ns3:trkngItmNbr>
                </ns3:ID>
                <ns3:dimensions>
                    <ns3:rated wdthQty="6" ovrSzCd="N" lenQty="7" hghtQty="5" UOM="I"/>
                </ns3:dimensions>
                <ns3:dlvryInfo tenderedDt="2015-05-27" dlvryCnfrmFlg="Y" actlDlvryDt="2015-05-27T00:00:00"/>
                <ns3:scanInfo>
                    <ns3:orgnlScan shpDt="20150527" rateSrcCd="SMP" acctNbr="606444583"/>
                </ns3:scanInfo>
                <ns3:weight>
                    <ns4:rated val="2.00" UOM="L"/>
                    <ns4:actual val="1.10" UOM="L"/>
                </ns3:weight>
            </ns3:pkg>
            <ns3:wghts>
                <ns4:rated val="2.00" UOM="L"/>
                <ns4:actual val="1.10" UOM="L"/>
            </ns3:wghts>
        </ns3:transportation>
        <ns3:ratedOrigin sttnID="5281" region=" 5" pstlCd="28273      " lglEnty="USA" currCd="USD" cntryCd="US" ID="CHNC"/>
        <ns3:ratedDest pstlCd="53186      " lglEnty="USA" currCd="USD" cntryCd="US" ID="    "/>
        <ns3:origin zone=" 5" sttnID="5281" pstlCd="28273      " lglEnty="USA" currCd="USD" cntryCd="US" ID="CHNC"/>
        <ns3:dest pstlCd="53186      " lglEnty="USA" currCd="USD" cntryCd="US" ID="    "/>
        <ns3:qltyOfSvc svcRndrdCommitCd="false"/>
        <ns3:automtnInfo revAcctngSrcSys="SMP" orgnlSrcSysID="SMPT" mtrNbr="000000000" dvcNm="SMP"/>
    </ns3:svcInfo>
    <ns3:publish type="PFI" tpcNm="FDXREV.Smartpost.Rated.Inbound" msgUID="1517102879856"/>
    <ns3:revAcctngInfo revStgSqncNbr="1" revStgCd="1000" revCoCd="009" ldgrEnty="USA"/>
</ns3:PFIRated>]]></PFIRATED><RCCECONTROL><![CDATA[<?xml version="1.0" encoding="UTF-8" standalone="yes"?>
<RCCEControlMessage xmlns:ns2="http://ags.fedex.com/chagCodeCategory/" xmlns:ns4="http://xmlns.fedex.com/FDXREV.PFIRated.Shared/1.1.1" xmlns:ns3="http://xmlns.fedex.com/FDXREV.PFIRated/1.1.1" xmlns:ns5="http://xmlns.fedex.com/FDXREV.PFIRated.FXG/1.1.1">
    <CompanyCode>009</CompanyCode>
    <CreditTypeCode>X</CreditTypeCode>
    <HashAmount>10.22</HashAmount>
    <LineOfBusinessCode>00001</LineOfBusinessCode>
    <NamespaceName>GNDR.PFI.SMP</NamespaceName>
    <TransmitTimestamp>20150621 06:00:00</TransmitTimestamp>
    <TransactionName>GRPUB</TransactionName>
    <TransactionQuantity>1</TransactionQuantity>
    <PublisherID>42</PublisherID>
    <MessageID>1517102879856</MessageID>
    <DebugInformationDescription>Debug Information for GRPUB</DebugInformationDescription>
    <TimeZone>GMT</TimeZone>
    <VersionNumber>1.2.9</VersionNumber>
</RCCEControlMessage>]]></RCCECONTROL></Message><Message><property><LineOfBusiness>00001</LineOfBusiness><INTERCEPT_CREDIT>N</INTERCEPT_CREDIT><BATCH_ID>20150621</BATCH_ID><MSG_UID>1517102879859</MSG_UID><PFI_REPLAY_ID>1517102879859</PFI_REPLAY_ID></property><PFIRATED><![CDATA[<?xml version="1.0" encoding="UTF-8" standalone="yes"?>
<ns3:PFIRated vrsnNbr="1.1.1" publisherID="4" msgUID="1517102879859" msgTmstmp="2015-06-21T06:00:00" coCd="009" xmlns:ns2="http://ags.fedex.com/chagCodeCategory/" xmlns:ns4="http://xmlns.fedex.com/FDXREV.PFIRated.Shared/1.1.1" xmlns:ns3="http://xmlns.fedex.com/FDXREV.PFIRated/1.1.1" xmlns:ns5="http://xmlns.fedex.com/FDXREV.PFIRated.FXG/1.1.1">
    <ns3:rtngPrfl slctTmstmp="2015-06-21T06:00:00" revTranTypeCd="18" rateDt="2015-06-19T00:00:00" globalEntID="0">
        <ns3:charges>
            <ns3:charge ftrNbr="0.00" ctgyCd="N" code="050" PFI_ID="28798592" ID="ID_01">
                <ns3:ratedAmt val="15.75" currCd="USD"/>
            </ns3:charge>
            <ns3:charge ftrNbr="6.50" ctgyCd="S" code="819" PFI_ID="28798593" ID="ID_02">
                <ns3:ratedAmt val="1.02" currCd="USD"/>
            </ns3:charge>
        </ns3:charges>
        <ns3:othrAmt>
            <ns3:amt val="16.77" type="itemNet" currCd="USD"/>
        </ns3:othrAmt>
        <ns3:opCoSpecific>
            <ns5:FDXFXG.RatingData versionNbr="1.1.1" svcCd="913" sortKey="804" custRefDate="2015-06-19">
                <ns5:alternateInfo trkngNbr="            " pfxTrkngNbr="00000000"/>
            </ns5:FDXFXG.RatingData>
        </ns3:opCoSpecific>
    </ns3:rtngPrfl>
    <ns3:invcngRqstInfo ldgrCmpny="009" LOBCd="00001">
        <ns3:billToInfo pymtPyrCd="1" pymtMthdCd="01" mediaTypeCd="0" currCd="USD" brkrNriInd="Y" blngCycleCd="00" bkrkInclInd="P"/>
        <ns3:billToAddr lglEntity="USA" cntryCd="US" acctNbr="603645200"/>
        <ns3:shpprAddr acctNbr="603645200"/>
        <ns3:rcpntAddr custNm="ADDRESS UNAVAILABLE"/>
        <ns3:refNotes purchOrdr="12345678901234500000000000000 " invoice="9000000011                    " dept="5N5IDBTP                      "/>
        <ns3:rebill rsnCd="RSA" revStageSqncNbr="0" pkgSqncNbr="421140752" orgnlSrcSysID="LPAPP" orgnlInvNbr="421140752" orgnlInvDt="2015-06-19T00:00:00" messageID="" empID="0000815724" RACN="6033"/>
        <ns3:statCdInfo type="InfoMsg" engnCd="GD" code="5528"/>
        <ns3:statCdInfo type="InfoMsg" engnCd="GD" code="5526"/>
    </ns3:invcngRqstInfo>
    <ns3:svcInfo trkngNbrPfx="74892000" trkngNbr="071620000029" svcDt="2015-05-26" sqncNbr="2879859" rqstdSvcCd="95" revDt="2015-05-26" ratedSvcCd="95">
        <ns3:transportation totPkgQty="1" rcptMthdCd="R">
            <ns3:pkg subClassPstlCd="P" srtHubDesc="New Berlin     " sqncNbr="421140752" ratedAsPkgngTypeCd="01" prcsCtgCd="M" prclSizeTypeCd="N" pkgngTypeCd="01">
                <ns3:ID>
                    <ns3:trkngNbrPfx>74892000</ns3:trkngNbrPfx>
                    <ns3:trkngItmNbr>071620000029</ns3:trkngItmNbr>
                </ns3:ID>
                <ns3:dimensions>
                    <ns3:rated wdthQty="4" ovrSzCd="N" lenQty="6" hghtQty="1" UOM="I"/>
                </ns3:dimensions>
                <ns3:dlvryInfo tenderedDt="2015-05-26" dlvryCnfrmFlg="Y" actlDlvryDt="2015-05-27T00:00:00"/>
                <ns3:scanInfo>
                    <ns3:orgnlScan shpDt="20150526" rateSrcCd="SMP" acctNbr="603645200"/>
                </ns3:scanInfo>
                <ns3:weight>
                    <ns4:rated val="1.00" UOM="L"/>
                    <ns4:cust val="0.06" UOM="L"/>
                    <ns4:actual val="0.06" UOM="L"/>
                </ns3:weight>
            </ns3:pkg>
            <ns3:wghts>
                <ns4:rated val="1.00" UOM="L"/>
                <ns4:cust val="0.06" UOM="L"/>
                <ns4:actual val="0.06" UOM="L"/>
            </ns3:wghts>
        </ns3:transportation>
        <ns3:ratedOrigin sttnID="5531" region=" H" pstlCd="31599      " lglEnty="USA" currCd="USD" cntryCd="US" ID="NBWI"/>
        <ns3:ratedDest pstlCd="96790      " lglEnty="USA" currCd="USD" cntryCd="US" ID="    "/>
        <ns3:origin zone=" H" sttnID="5531" pstlCd="31599      " lglEnty="USA" currCd="USD" cntryCd="US" ID="NBWI"/>
        <ns3:dest pstlCd="96790      " lglEnty="USA" currCd="USD" cntryCd="US" ID="    "/>
        <ns3:qltyOfSvc svcRndrdCommitCd="false"/>
        <ns3:automtnInfo revAcctngSrcSys="SMP" orgnlSrcSysID="SMPT" mtrNbr="100243502" dvcNm="SMP"/>
    </ns3:svcInfo>
    <ns3:publish type="PFI" tpcNm="FDXREV.Smartpost.Rated.Inbound" msgUID="1517102879859"/>
    <ns3:revAcctngInfo revStgSqncNbr="1" revStgCd="1000" revCoCd="009" ldgrEnty="USA"/>
</ns3:PFIRated>]]></PFIRATED><RCCECONTROL><![CDATA[<?xml version="1.0" encoding="UTF-8" standalone="yes"?>
<RCCEControlMessage xmlns:ns2="http://ags.fedex.com/chagCodeCategory/" xmlns:ns4="http://xmlns.fedex.com/FDXREV.PFIRated.Shared/1.1.1" xmlns:ns3="http://xmlns.fedex.com/FDXREV.PFIRated/1.1.1" xmlns:ns5="http://xmlns.fedex.com/FDXREV.PFIRated.FXG/1.1.1">
    <CompanyCode>009</CompanyCode>
    <CreditTypeCode>X</CreditTypeCode>
    <HashAmount>16.77</HashAmount>
    <LineOfBusinessCode>00001</LineOfBusinessCode>
    <NamespaceName>GNDR.PFI.SMP</NamespaceName>
    <TransmitTimestamp>20150621 06:00:00</TransmitTimestamp>
    <TransactionName>GRPUB</TransactionName>
    <TransactionQuantity>1</TransactionQuantity>
    <PublisherID>42</PublisherID>
    <MessageID>1517102879859</MessageID>
    <DebugInformationDescription>Debug Information for GRPUB</DebugInformationDescription>
    <TimeZone>GMT</TimeZone>
    <VersionNumber>1.2.9</VersionNumber>
</RCCEControlMessage>]]></RCCECONTROL></Message><Message><property><LineOfBusiness>00001</LineOfBusiness><INTERCEPT_CREDIT>N</INTERCEPT_CREDIT><BATCH_ID>20150621</BATCH_ID><MSG_UID>1517102879862</MSG_UID><PFI_REPLAY_ID>1517102879862</PFI_REPLAY_ID></property><PFIRATED><![CDATA[<?xml version="1.0" encoding="UTF-8" standalone="yes"?>
<ns3:PFIRated vrsnNbr="1.1.1" publisherID="4" msgUID="1517102879862" msgTmstmp="2015-06-21T06:00:00" coCd="009" xmlns:ns2="http://ags.fedex.com/chagCodeCategory/" xmlns:ns4="http://xmlns.fedex.com/FDXREV.PFIRated.Shared/1.1.1" xmlns:ns3="http://xmlns.fedex.com/FDXREV.PFIRated/1.1.1" xmlns:ns5="http://xmlns.fedex.com/FDXREV.PFIRated.FXG/1.1.1">
    <ns3:rtngPrfl slctTmstmp="2015-06-21T06:00:00" revTranTypeCd="18" rateDt="2015-06-19T00:00:00" globalEntID="0">
        <ns3:charges>
            <ns3:charge ftrNbr="0.00" ctgyCd="N" code="050" PFI_ID="28798622" ID="ID_01">
                <ns3:ratedAmt val="7.15" currCd="USD"/>
            </ns3:charge>
            <ns3:charge ftrNbr="6.50" ctgyCd="S" code="819" PFI_ID="28798623" ID="ID_02">
                <ns3:ratedAmt val="0.46" currCd="USD"/>
            </ns3:charge>
        </ns3:charges>
        <ns3:othrAmt>
            <ns3:amt val="7.61" type="itemNet" currCd="USD"/>
        </ns3:othrAmt>
        <ns3:opCoSpecific>
            <ns5:FDXFXG.RatingData versionNbr="1.1.1" svcCd="913" sortKey="804" custRefDate="2015-06-19">
                <ns5:alternateInfo trkngNbr="            " pfxTrkngNbr="00000000"/>
            </ns5:FDXFXG.RatingData>
        </ns3:opCoSpecific>
    </ns3:rtngPrfl>
    <ns3:invcngRqstInfo ldgrCmpny="009" LOBCd="00001">
        <ns3:billToInfo pymtPyrCd="1" pymtMthdCd="01" mediaTypeCd="0" currCd="USD" brkrNriInd="Y" blngCycleCd="00" bkrkInclInd="P"/>
        <ns3:billToAddr lglEntity="USA" cntryCd="US" acctNbr="606508042"/>
        <ns3:shpprAddr acctNbr="606508042"/>
        <ns3:rcpntAddr custNm="ADDRESS UNAVAILABLE"/>
        <ns3:refNotes purchOrdr="12345678901234500000000000000 " invoice="9000000012                    " dept="5N5IDBTU                      "/>
        <ns3:rebill rsnCd="RSA" revStageSqncNbr="0" pkgSqncNbr="421140752" orgnlSrcSysID="LPAPP" orgnlInvNbr="421140752" orgnlInvDt="2015-06-19T00:00:00" messageID="" empID="0000815724" RACN="6033"/>
        <ns3:statCdInfo type="InfoMsg" engnCd="GD" code="5528"/>
        <ns3:statCdInfo type="InfoMsg" engnCd="GD" code="5526"/>
    </ns3:invcngRqstInfo>
    <ns3:svcInfo trkngNbrPfx="74892000" trkngNbr="071820000034" svcDt="2015-05-26" sqncNbr="2879862" rqstdSvcCd="95" revDt="2015-05-26" ratedSvcCd="95">
        <ns3:transportation totPkgQty="1" rcptMthdCd="R">
            <ns3:pkg subClassPstlCd="P" srtHubDesc="New Berlin     " sqncNbr="421140752" ratedAsPkgngTypeCd="01" prcsCtgCd="M" prclSizeTypeCd="N" pkgngTypeCd="01">
                <ns3:ID>
                    <ns3:trkngNbrPfx>74892000</ns3:trkngNbrPfx>
                    <ns3:trkngItmNbr>071820000034</ns3:trkngItmNbr>
                </ns3:ID>
                <ns3:dimensions>
                    <ns3:rated wdthQty="4" ovrSzCd="N" lenQty="6" hghtQty="1" UOM="I"/>
                </ns3:dimensions>
                <ns3:dlvryInfo tenderedDt="2015-05-26" dlvryCnfrmFlg="Y" actlDlvryDt="2015-05-27T00:00:00"/>
                <ns3:scanInfo>
                    <ns3:orgnlScan shpDt="20150526" rateSrcCd="SMP" acctNbr="606508042"/>
                </ns3:scanInfo>
                <ns3:weight>
                    <ns4:rated val="1.00" UOM="L"/>
                    <ns4:cust val="0.31" UOM="L"/>
                    <ns4:actual val="0.31" UOM="L"/>
                </ns3:weight>
            </ns3:pkg>
            <ns3:wghts>
                <ns4:rated val="1.00" UOM="L"/>
                <ns4:cust val="0.31" UOM="L"/>
                <ns4:actual val="0.31" UOM="L"/>
            </ns3:wghts>
        </ns3:transportation>
        <ns3:ratedOrigin sttnID="5531" region=" 3" pstlCd="01008      " lglEnty="USA" currCd="USD" cntryCd="US" ID="NBWI"/>
        <ns3:ratedDest pstlCd="14068      " lglEnty="USA" currCd="USD" cntryCd="US" ID="    "/>
        <ns3:origin zone=" 3" sttnID="5531" pstlCd="01008      " lglEnty="USA" currCd="USD" cntryCd="US" ID="NBWI"/>
        <ns3:dest pstlCd="14068      " lglEnty="USA" currCd="USD" cntryCd="US" ID="    "/>
        <ns3:qltyOfSvc svcRndrdCommitCd="false"/>
        <ns3:automtnInfo revAcctngSrcSys="SMP" orgnlSrcSysID="SMPT" mtrNbr="100243504" dvcNm="SMP"/>
    </ns3:svcInfo>
    <ns3:publish type="PFI" tpcNm="FDXREV.Smartpost.Rated.Inbound" msgUID="1517102879862"/>
    <ns3:revAcctngInfo revStgSqncNbr="1" revStgCd="1000" revCoCd="009" ldgrEnty="USA"/>
</ns3:PFIRated>]]></PFIRATED><RCCECONTROL><![CDATA[<?xml version="1.0" encoding="UTF-8" standalone="yes"?>
<RCCEControlMessage xmlns:ns2="http://ags.fedex.com/chagCodeCategory/" xmlns:ns4="http://xmlns.fedex.com/FDXREV.PFIRated.Shared/1.1.1" xmlns:ns3="http://xmlns.fedex.com/FDXREV.PFIRated/1.1.1" xmlns:ns5="http://xmlns.fedex.com/FDXREV.PFIRated.FXG/1.1.1">
    <CompanyCode>009</CompanyCode>
    <CreditTypeCode>X</CreditTypeCode>
    <HashAmount>7.61</HashAmount>
    <LineOfBusinessCode>00001</LineOfBusinessCode>
    <NamespaceName>GNDR.PFI.SMP</NamespaceName>
    <TransmitTimestamp>20150621 06:00:00</TransmitTimestamp>
    <TransactionName>GRPUB</TransactionName>
    <TransactionQuantity>1</TransactionQuantity>
    <PublisherID>42</PublisherID>
    <MessageID>1517102879862</MessageID>
    <DebugInformationDescription>Debug Information for GRPUB</DebugInformationDescription>
    <TimeZone>GMT</TimeZone>
    <VersionNumber>1.2.9</VersionNumber>
</RCCEControlMessage>]]></RCCECONTROL></Message><Message><property><LineOfBusiness>00001</LineOfBusiness><INTERCEPT_CREDIT>N</INTERCEPT_CREDIT><BATCH_ID>20150621</BATCH_ID><MSG_UID>1517102879865</MSG_UID><PFI_REPLAY_ID>1517102879865</PFI_REPLAY_ID></property><PFIRATED><![CDATA[<?xml version="1.0" encoding="UTF-8" standalone="yes"?>
<ns3:PFIRated vrsnNbr="1.1.1" publisherID="4" msgUID="1517102879865" msgTmstmp="2015-06-21T06:00:00" coCd="009" xmlns:ns2="http://ags.fedex.com/chagCodeCategory/" xmlns:ns4="http://xmlns.fedex.com/FDXREV.PFIRated.Shared/1.1.1" xmlns:ns3="http://xmlns.fedex.com/FDXREV.PFIRated/1.1.1" xmlns:ns5="http://xmlns.fedex.com/FDXREV.PFIRated.FXG/1.1.1">
    <ns3:rtngPrfl slctTmstmp="2015-06-21T06:00:00" revTranTypeCd="18" rateDt="2015-06-19T00:00:00" globalEntID="0">
        <ns3:charges>
            <ns3:charge ftrNbr="0.00" ctgyCd="N" code="050" PFI_ID="28798652" ID="ID_01">
                <ns3:ratedAmt val="20.32" currCd="USD"/>
            </ns3:charge>
            <ns3:charge ftrNbr="6.50" ctgyCd="S" code="819" PFI_ID="28798653" ID="ID_02">
                <ns3:ratedAmt val="1.32" currCd="USD"/>
            </ns3:charge>
        </ns3:charges>
        <ns3:othrAmt>
            <ns3:amt val="21.64" type="itemNet" currCd="USD"/>
        </ns3:othrAmt>
        <ns3:opCoSpecific>
            <ns5:FDXFXG.RatingData versionNbr="1.1.1" svcCd="915" sortKey="805" custRefDate="2015-06-19">
                <ns5:alternateInfo trkngNbr="            " pfxTrkngNbr="00000000"/>
            </ns5:FDXFXG.RatingData>
        </ns3:opCoSpecific>
    </ns3:rtngPrfl>
    <ns3:invcngRqstInfo ldgrCmpny="009" LOBCd="00001">
        <ns3:billToInfo pymtPyrCd="3" pymtMthdCd="01" mediaTypeCd="0" currCd="USD" brkrNriInd="Y" blngCycleCd="00" bkrkInclInd="B"/>
        <ns3:billToAddr lglEntity="USA" cntryCd="US" acctNbr="702565715"/>
        <ns3:shpprAddr acctNbr="101241327"/>
        <ns3:rcpntAddr state="FL" pstl="33102      " custNm="Richard Taylor                     " cntryCd="US" cmpnyNm="WEBS-609480-CL1502C3               " city="MIAMI               ">
            <ns4:addrLn lineNo="1">1168 FEDEX PRKWY                   </ns4:addrLn>
            <ns4:addrLn lineNo="2">                                   </ns4:addrLn>
        </ns3:rcpntAddr>
        <ns3:refNotes shpr="SmartPost                     " invoice="9000000014                    " dept="5S44ETKI                      "/>
        <ns3:rebill rsnCd="AUT" revStageSqncNbr="0" pkgSqncNbr="421144713" orgnlSrcSysID="LPAPP" orgnlInvNbr="421144713" orgnlInvDt="2015-06-19T00:00:00" messageID="" empID="0005008158" RACN="6036"/>
        <ns3:statCdInfo type="InfoMsg" engnCd="GD" code="5526"/>
    </ns3:invcngRqstInfo>
    <ns3:svcInfo trkngNbrPfx="41990100" trkngNbr="130420000562" svcDt="2015-06-08" sqncNbr="2879865" rqstdSvcCd="95" revDt="2015-06-08" ratedSvcCd="95">
        <ns3:transportation totPkgQty="1" rcptMthdCd="R">
            <ns3:pkg subClassPstlCd="B" srtHubDesc="Denver         " sqncNbr="421144713" ratedAsPkgngTypeCd="01" prcsCtgCd="M" prclSizeTypeCd="N" pkgngTypeCd="01">
                <ns3:ID>
                    <ns3:trkngNbrPfx>41990100</ns3:trkngNbrPfx>
                    <ns3:trkngItmNbr>130420000562</ns3:trkngItmNbr>
                </ns3:ID>
                <ns3:dimensions>
                    <ns3:rated wdthQty="4" ovrSzCd="N" lenQty="6" hghtQty="1" UOM="I"/>
                </ns3:dimensions>
                <ns3:dlvryInfo tenderedDt="2015-06-08" dlvryCnfrmFlg="Y" actlDlvryDt="2015-06-08T00:00:00"/>
                <ns3:scanInfo>
                    <ns3:orgnlScan shpDt="20150608" rateSrcCd="SMP" acctNbr="101241327"/>
                </ns3:scanInfo>
                <ns3:weight>
                    <ns4:rated val="15.00" UOM="L"/>
                    <ns4:cust val="15.00" UOM="L"/>
                    <ns4:actual val="15.00" UOM="L"/>
                </ns3:weight>
            </ns3:pkg>
            <ns3:wghts>
                <ns4:rated val="15.00" UOM="L"/>
                <ns4:cust val="15.00" UOM="L"/>
                <ns4:actual val="15.00" UOM="L"/>
            </ns3:wghts>
        </ns3:transportation>
        <ns3:ratedOrigin sttnID="5802" region=" 8" pstlCd="84115      " lglEnty="USA" currCd="USD" cntryCd="US" ID="DNCO"/>
        <ns3:ratedDest pstlCd="33102      " lglEnty="USA" currCd="USD" cntryCd="US" ID="    "/>
        <ns3:origin zone=" 8" sttnID="5802" pstlCd="84115      " lglEnty="USA" currCd="USD" cntryCd="US" ID="DNCO"/>
        <ns3:dest pstlCd="33102      " lglEnty="USA" currCd="USD" cntryCd="US" ID="    "/>
        <ns3:qltyOfSvc svcRndrdCommitCd="false"/>
        <ns3:automtnInfo revAcctngSrcSys="SMP" orgnlSrcSysID="SMPT" mtrNbr="100008959" dvcNm="SMP"/>
    </ns3:svcInfo>
    <ns3:publish type="PFI" tpcNm="FDXREV.Smartpost.Rated.Inbound" msgUID="1517102879865"/>
    <ns3:revAcctngInfo revStgSqncNbr="1" revStgCd="1000" revCoCd="009" ldgrEnty="USA"/>
</ns3:PFIRated>]]></PFIRATED><RCCECONTROL><![CDATA[<?xml version="1.0" encoding="UTF-8" standalone="yes"?>
<RCCEControlMessage xmlns:ns2="http://ags.fedex.com/chagCodeCategory/" xmlns:ns4="http://xmlns.fedex.com/FDXREV.PFIRated.Shared/1.1.1" xmlns:ns3="http://xmlns.fedex.com/FDXREV.PFIRated/1.1.1" xmlns:ns5="http://xmlns.fedex.com/FDXREV.PFIRated.FXG/1.1.1">
    <CompanyCode>009</CompanyCode>
    <CreditTypeCode>X</CreditTypeCode>
    <HashAmount>21.64</HashAmount>
    <LineOfBusinessCode>00001</LineOfBusinessCode>
    <NamespaceName>GNDR.PFI.SMP</NamespaceName>
    <TransmitTimestamp>20150621 06:00:00</TransmitTimestamp>
    <TransactionName>GRPUB</TransactionName>
    <TransactionQuantity>1</TransactionQuantity>
    <PublisherID>42</PublisherID>
    <MessageID>1517102879865</MessageID>
    <DebugInformationDescription>Debug Information for GRPUB</DebugInformationDescription>
    <TimeZone>GMT</TimeZone>
    <VersionNumber>1.2.9</VersionNumber>
</RCCEControlMessage>]]></RCCECONTROL></Message></Ground>
