<?xml version="1.0" encoding="UTF-8"?><Ground><Message><property><LineOfBusiness>00001</LineOfBusiness><INTERCEPT_CREDIT>N</INTERCEPT_CREDIT><BATCH_ID>20150621</BATCH_ID><MSG_UID>1517102879854</MSG_UID><PFI_REPLAY_ID>1517102879854</PFI_REPLAY_ID></property><PFIRATED><![CDATA[<?xml version="1.0" encoding="UTF-8" standalone="yes"?><ns5:PFIRated vrsnNbr="1.1.1" publisherID="4" msgUID="1517102879854" msgTmstmp="2015-06-21T06:00:00" coCd="009" xmlns:ns2="http://ags.fedex.com/chagCodeCategory/" xmlns:ns4="http://xmlns.fedex.com/FDXREV.PFIRated.FXG/1.1.1" xmlns:ns3="http://xmlns.fedex.com/FDXREV.PFIRated.Shared/1.1.1" xmlns:ns5="http://xmlns.fedex.com/FDXREV.PFIRated/1.1.1">    <ns5:rtngPrfl slctTmstmp="2015-06-21T06:00:00" revTranTypeCd="18" rateDt="2015-06-19T00:00:00" globalEntID="0">        <ns5:charges>            <ns5:charge ftrNbr="0.00" ctgyCd="N" code="050" PFI_ID="28798542" ID="ID_01">                <ns5:ratedAmt val="161.18" currCd="USD"/>            </ns5:charge>            <ns5:charge ftrNbr="6.50" ctgyCd="S" code="819" PFI_ID="28798543" ID="ID_02">                <ns5:ratedAmt val="10.48" currCd="USD"/>            </ns5:charge>        </ns5:charges>        <ns5:othrAmt>            <ns5:amt val="171.66" type="itemNet" currCd="USD"/>        </ns5:othrAmt>        <ns5:opCoSpecific>            <ns4:FDXFXG.RatingData versionNbr="1.1.1" svcCd="916" sortKey="806" custRefDate="2015-06-19">                <ns4:alternateInfo trkngNbr="            " pfxTrkngNbr="00000000"/>            </ns4:FDXFXG.RatingData>        </ns5:opCoSpecific>    </ns5:rtngPrfl>    <ns5:invcngRqstInfo ldgrCmpny="009" LOBCd="00001">        <ns5:billToInfo pymtPyrCd="2" pymtMthdCd="01" mediaTypeCd="0" currCd="USD" brkrNriInd="Y" blngCycleCd="00" bkrkInclInd="M"/>        <ns5:billToAddr lglEntity="USA" cntryCd="US" acctNbr="606503288"/>        <ns5:shpprAddr acctNbr="603645120"/>        <ns5:rcpntAddr state="PR" pstl="00961      " custNm="                                   " cntryCd="US" cmpnyNm="179954                             " city="BAYAMON             " acctNbr="606503288">            <ns3:addrLn lineNo="1">River View                         </ns3:addrLn>            <ns3:addrLn lineNo="2">                                   </ns3:addrLn>        </ns5:rcpntAddr>        <ns5:refNotes shpr="PLC 14.3 zero discount        " purchOrdr="12345678901234500000000000000 " invoice="9000000009                    " dept="5N5IFH3B                      "/>        <ns5:rebill rsnCd="RRA" revStageSqncNbr="0" pkgSqncNbr="421140752" orgnlSrcSysID="LPAPP" orgnlInvNbr="421140752" orgnlInvDt="2015-06-19T00:00:00" messageID="" empID="0005008158" RACN="6033"/>        <ns5:statCdInfo type="InfoMsg" engnCd="GD" code="5522"/>        <ns5:statCdInfo type="InfoMsg" engnCd="GD" code="5528"/>        <ns5:statCdInfo type="InfoMsg" engnCd="GD" code="5526"/>    </ns5:invcngRqstInfo>    <ns5:svcInfo trkngNbrPfx="49092000" trkngNbr="070320100167" svcDt="2015-05-27" sqncNbr="2879854" rqstdSvcCd="95" revDt="2015-05-27" ratedSvcCd="95">        <ns5:transportation totPkgQty="1" rcptMthdCd="R">            <ns5:pkg subClassPstlCd="M" srtHubDesc="New Berlin     " sqncNbr="421140752" ratedAsPkgngTypeCd="01" prcsCtgCd="I" prclSizeTypeCd="N" pkgngTypeCd="01">                <ns5:ID>                    <ns5:trkngNbrPfx>49092000</ns5:trkngNbrPfx>                    <ns5:trkngItmNbr>070320100167</ns5:trkngItmNbr>                </ns5:ID>                <ns5:dimensions>                    <ns5:rated wdthQty="4" ovrSzCd="N" lenQty="6" hghtQty="1" UOM="I"/>                </ns5:dimensions>                <ns5:dlvryInfo tenderedDt="2015-05-27" dlvryCnfrmFlg="Y" actlDlvryDt="2015-05-27T00:00:00"/>                <ns5:scanInfo>                    <ns5:orgnlScan shpDt="20150527" rateSrcCd="SMP" acctNbr="603645120"/>                </ns5:scanInfo>                <ns5:weight>                    <ns3:rated val="70.00" UOM="L"/>                    <ns3:cust val="70.00" UOM="L"/>                    <ns3:actual val="70.00" UOM="L"/>                </ns5:weight>            </ns5:pkg>            <ns5:wghts>                <ns3:rated val="70.00" UOM="L"/>                <ns3:cust val="70.00" UOM="L"/>                <ns3:actual val="70.00" UOM="L"/>            </ns5:wghts>        </ns5:transportation>        <ns5:ratedOrigin sttnID="5531" region=" P" pstlCd="53151      " lglEnty="USA" currCd="USD" cntryCd="US" ID="NBWI"/>        <ns5:ratedDest pstlCd="00961      " lglEnty="USA" currCd="USD" cntryCd="US" ID="    "/>        <ns5:origin zone=" P" sttnID="5531" pstlCd="53151      " lglEnty="USA" currCd="USD" cntryCd="US" ID="NBWI"/>        <ns5:dest pstlCd="00961      " lglEnty="USA" currCd="USD" cntryCd="US" ID="    "/>        <ns5:qltyOfSvc svcRndrdCommitCd="false"/>        <ns5:automtnInfo revAcctngSrcSys="SMP" orgnlSrcSysID="SMPT" mtrNbr="100248144" dvcNm="SMP"/>    </ns5:svcInfo>    <ns5:relatedTranInfo>        <ns5:trkngAssociation type="T" trkngNbr="000000000000" rltspCd="P" pfxTrkngNbr="00000000"/>    </ns5:relatedTranInfo>    <ns5:publish type="PFI" tpcNm="FDXREV.Smartpost.Rated.Inbound" msgUID="1517102879854"/>    <ns5:revAcctngInfo revStgSqncNbr="1" revStgCd="1000" revCoCd="009" ldgrEnty="USA"/></ns5:PFIRated>]]></PFIRATED><RCCECONTROL><![CDATA[<?xml version="1.0" encoding="UTF-8" standalone="yes"?><RCCEControlMessage xmlns:ns2="http://ags.fedex.com/chagCodeCategory/" xmlns:ns4="http://xmlns.fedex.com/FDXREV.PFIRated.FXG/1.1.1" xmlns:ns3="http://xmlns.fedex.com/FDXREV.PFIRated.Shared/1.1.1" xmlns:ns5="http://xmlns.fedex.com/FDXREV.PFIRated/1.1.1">    <CompanyCode>009</CompanyCode>    <CreditTypeCode>X</CreditTypeCode>    <HashAmount>171.66</HashAmount>    <LineOfBusinessCode>00001</LineOfBusinessCode>    <NamespaceName>GNDR.PFI.SMP</NamespaceName>    <TransmitTimestamp>20150621 06:00:00</TransmitTimestamp>    <TransactionName>GRPUB</TransactionName>    <TransactionQuantity>1</TransactionQuantity>    <PublisherID>42</PublisherID>    <MessageID>1517102879854</MessageID>    <DebugInformationDescription>Debug Information for GRPUB</DebugInformationDescription>    <TimeZone>GMT</TimeZone>    <VersionNumber>1.2.9</VersionNumber></RCCEControlMessage>]]></RCCECONTROL></Message><Message><property><LineOfBusiness>00001</LineOfBusiness><INTERCEPT_CREDIT>N</INTERCEPT_CREDIT><BATCH_ID>20150621</BATCH_ID><MSG_UID>1517102879857</MSG_UID><PFI_REPLAY_ID>1517102879857</PFI_REPLAY_ID></property><PFIRATED><![CDATA[<?xml version="1.0" encoding="UTF-8" standalone="yes"?><ns5:PFIRated vrsnNbr="1.1.1" publisherID="4" msgUID="1517102879857" msgTmstmp="2015-06-21T06:00:00" coCd="009" xmlns:ns2="http://ags.fedex.com/chagCodeCategory/" xmlns:ns4="http://xmlns.fedex.com/FDXREV.PFIRated.FXG/1.1.1" xmlns:ns3="http://xmlns.fedex.com/FDXREV.PFIRated.Shared/1.1.1" xmlns:ns5="http://xmlns.fedex.com/FDXREV.PFIRated/1.1.1">    <ns5:rtngPrfl slctTmstmp="2015-06-21T06:00:00" revTranTypeCd="18" rateDt="2015-06-19T00:00:00" globalEntID="0">        <ns5:charges>            <ns5:charge ftrNbr="0.00" ctgyCd="N" code="050" PFI_ID="28798572" ID="ID_01">                <ns5:ratedAmt val="11.11" currCd="USD"/>            </ns5:charge>            <ns5:charge ftrNbr="6.50" ctgyCd="S" code="819" PFI_ID="28798573" ID="ID_02">                <ns5:ratedAmt val="0.72" currCd="USD"/>            </ns5:charge>        </ns5:charges>        <ns5:othrAmt>            <ns5:amt val="11.83" type="itemNet" currCd="USD"/>        </ns5:othrAmt>        <ns5:opCoSpecific>            <ns4:FDXFXG.RatingData versionNbr="1.1.1" svcCd="915" sortKey="805" custRefDate="2015-06-19">                <ns4:alternateInfo trkngNbr="            " pfxTrkngNbr="00000000"/>            </ns4:FDXFXG.RatingData>        </ns5:opCoSpecific>    </ns5:rtngPrfl>    <ns5:invcngRqstInfo ldgrCmpny="009" LOBCd="00001">        <ns5:billToInfo pymtPyrCd="1" pymtMthdCd="01" mediaTypeCd="0" currCd="USD" brkrNriInd="Y" blngCycleCd="00" bkrkInclInd="B"/>        <ns5:billToAddr lglEntity="USA" cntryCd="US" acctNbr="603645200"/>        <ns5:shpprAddr acctNbr="603645200"/>        <ns5:rcpntAddr custNm="ADDRESS UNAVAILABLE"/>        <ns5:refNotes shpr="PLC 14.3 Full discount        " purchOrdr="12345678901234500000000000000 " invoice="9000000011                    " dept="5K11VC49                      "/>        <ns5:rebill rsnCd="RSA" revStageSqncNbr="0" pkgSqncNbr="421138204" orgnlSrcSysID="MMAS" orgnlInvNbr="421138204" orgnlInvDt="2015-06-19T00:00:00" messageID="" empID="0000995000" RACN="6033"/>        <ns5:statCdInfo type="InfoMsg" engnCd="GD" code="5526"/>    </ns5:invcngRqstInfo>    <ns5:svcInfo trkngNbrPfx="41992000" trkngNbr="071620075033" svcDt="2015-05-18" sqncNbr="2879857" rqstdSvcCd="95" revDt="2015-05-18" ratedSvcCd="95">        <ns5:transportation totPkgQty="1" rcptMthdCd="R">            <ns5:pkg subClassPstlCd="B" srtHubDesc="New Berlin     " sqncNbr="421138204" ratedAsPkgngTypeCd="01" prcsCtgCd="M" prclSizeTypeCd="N" pkgngTypeCd="01">                <ns5:ID>                    <ns5:trkngNbrPfx>41992000</ns5:trkngNbrPfx>                    <ns5:trkngItmNbr>071620075033</ns5:trkngItmNbr>                </ns5:ID>                <ns5:dimensions>                    <ns5:rated wdthQty="4" ovrSzCd="N" lenQty="6" hghtQty="1" UOM="I"/>                </ns5:dimensions>                <ns5:dlvryInfo tenderedDt="2015-05-18" dlvryCnfrmFlg="Y" actlDlvryDt="2015-05-18T00:00:00"/>                <ns5:scanInfo>                    <ns5:orgnlScan shpDt="20150518" rateSrcCd="SMP" acctNbr="603645200"/>                </ns5:scanInfo>                <ns5:weight>                    <ns3:rated val="10.00" UOM="L"/>                    <ns3:cust val="10.00" UOM="L"/>                    <ns3:actual val="10.00" UOM="L"/>                </ns5:weight>            </ns5:pkg>            <ns5:wghts>                <ns3:rated val="10.00" UOM="L"/>                <ns3:cust val="10.00" UOM="L"/>                <ns3:actual val="10.00" UOM="L"/>            </ns5:wghts>        </ns5:transportation>        <ns5:ratedOrigin sttnID="5531" region=" 5" pstlCd="53151      " lglEnty="USA" currCd="USD" cntryCd="US" ID="NBWI"/>        <ns5:ratedDest pstlCd="04072      " lglEnty="USA" currCd="USD" cntryCd="US" ID="    "/>        <ns5:origin zone=" 5" sttnID="5531" pstlCd="53151      " lglEnty="USA" currCd="USD" cntryCd="US" ID="NBWI"/>        <ns5:dest pstlCd="04072      " lglEnty="USA" currCd="USD" cntryCd="US" ID="    "/>        <ns5:qltyOfSvc svcRndrdCommitCd="false"/>        <ns5:automtnInfo revAcctngSrcSys="SMP" orgnlSrcSysID="SMPT" mtrNbr="100248204" dvcNm="SMP"/>    </ns5:svcInfo>    <ns5:publish type="PFI" tpcNm="FDXREV.Smartpost.Rated.Inbound" msgUID="1517102879857"/>    <ns5:revAcctngInfo revStgSqncNbr="1" revStgCd="1000" revCoCd="009" ldgrEnty="USA"/></ns5:PFIRated>]]></PFIRATED><RCCECONTROL><![CDATA[<?xml version="1.0" encoding="UTF-8" standalone="yes"?><RCCEControlMessage xmlns:ns2="http://ags.fedex.com/chagCodeCategory/" xmlns:ns4="http://xmlns.fedex.com/FDXREV.PFIRated.FXG/1.1.1" xmlns:ns3="http://xmlns.fedex.com/FDXREV.PFIRated.Shared/1.1.1" xmlns:ns5="http://xmlns.fedex.com/FDXREV.PFIRated/1.1.1">    <CompanyCode>009</CompanyCode>    <CreditTypeCode>X</CreditTypeCode>    <HashAmount>11.83</HashAmount>    <LineOfBusinessCode>00001</LineOfBusinessCode>    <NamespaceName>GNDR.PFI.SMP</NamespaceName>    <TransmitTimestamp>20150621 06:00:00</TransmitTimestamp>    <TransactionName>GRPUB</TransactionName>    <TransactionQuantity>1</TransactionQuantity>    <PublisherID>42</PublisherID>    <MessageID>1517102879857</MessageID>    <DebugInformationDescription>Debug Information for GRPUB</DebugInformationDescription>    <TimeZone>GMT</TimeZone>    <VersionNumber>1.2.9</VersionNumber></RCCEControlMessage>]]></RCCECONTROL></Message><Message><property><LineOfBusiness>00001</LineOfBusiness><INTERCEPT_CREDIT>N</INTERCEPT_CREDIT><BATCH_ID>20150621</BATCH_ID><MSG_UID>1517102879860</MSG_UID><PFI_REPLAY_ID>1517102879860</PFI_REPLAY_ID></property><PFIRATED><![CDATA[<?xml version="1.0" encoding="UTF-8" standalone="yes"?><ns5:PFIRated vrsnNbr="1.1.1" publisherID="4" msgUID="1517102879860" msgTmstmp="2015-06-21T06:00:00" coCd="009" xmlns:ns2="http://ags.fedex.com/chagCodeCategory/" xmlns:ns4="http://xmlns.fedex.com/FDXREV.PFIRated.FXG/1.1.1" xmlns:ns3="http://xmlns.fedex.com/FDXREV.PFIRated.Shared/1.1.1" xmlns:ns5="http://xmlns.fedex.com/FDXREV.PFIRated/1.1.1">    <ns5:rtngPrfl slctTmstmp="2015-06-21T06:00:00" revTranTypeCd="18" rateDt="2015-06-19T00:00:00" globalEntID="0">        <ns5:charges>            <ns5:charge ftrNbr="0.00" ctgyCd="N" code="050" PFI_ID="28798602" ID="ID_01">                <ns5:ratedAmt val="15.75" currCd="USD"/>            </ns5:charge>            <ns5:charge ftrNbr="6.50" ctgyCd="S" code="819" PFI_ID="28798603" ID="ID_02">                <ns5:ratedAmt val="1.02" currCd="USD"/>            </ns5:charge>        </ns5:charges>        <ns5:othrAmt>            <ns5:amt val="16.77" type="itemNet" currCd="USD"/>        </ns5:othrAmt>        <ns5:opCoSpecific>            <ns4:FDXFXG.RatingData versionNbr="1.1.1" svcCd="913" sortKey="804" custRefDate="2015-06-19">                <ns4:alternateInfo trkngNbr="            " pfxTrkngNbr="00000000"/>            </ns4:FDXFXG.RatingData>        </ns5:opCoSpecific>    </ns5:rtngPrfl>    <ns5:invcngRqstInfo ldgrCmpny="009" LOBCd="00001">        <ns5:billToInfo pymtPyrCd="1" pymtMthdCd="01" mediaTypeCd="0" currCd="USD" brkrNriInd="Y" blngCycleCd="00" bkrkInclInd="P"/>        <ns5:billToAddr lglEntity="USA" cntryCd="US" acctNbr="603645200"/>        <ns5:shpprAddr acctNbr="603645200"/>        <ns5:rcpntAddr custNm="ADDRESS UNAVAILABLE"/>        <ns5:refNotes shpr="PLC 14.3 Full discount        " purchOrdr="12345678901234500000000000000 " invoice="9000000011                    " dept="5N3UVL7L                      "/>        <ns5:rebill rsnCd="RSA" revStageSqncNbr="0" pkgSqncNbr="421140752" orgnlSrcSysID="LPAPP" orgnlInvNbr="421140752" orgnlInvDt="2015-06-19T00:00:00" messageID="" empID="0000815724" RACN="6033"/>        <ns5:statCdInfo type="InfoMsg" engnCd="GD" code="5528"/>        <ns5:statCdInfo type="InfoMsg" engnCd="GD" code="5526"/>    </ns5:invcngRqstInfo>    <ns5:svcInfo trkngNbrPfx="74892000" trkngNbr="071620075041" svcDt="2015-05-26" sqncNbr="2879860" rqstdSvcCd="95" revDt="2015-05-26" ratedSvcCd="95">        <ns5:transportation totPkgQty="1" rcptMthdCd="R">            <ns5:pkg subClassPstlCd="P" srtHubDesc="New Berlin     " sqncNbr="421140752" ratedAsPkgngTypeCd="01" prcsCtgCd="M" prclSizeTypeCd="N" pkgngTypeCd="01">                <ns5:ID>                    <ns5:trkngNbrPfx>74892000</ns5:trkngNbrPfx>                    <ns5:trkngItmNbr>071620075041</ns5:trkngItmNbr>                </ns5:ID>                <ns5:dimensions>                    <ns5:rated wdthQty="4" ovrSzCd="N" lenQty="6" hghtQty="1" UOM="I"/>                </ns5:dimensions>                <ns5:dlvryInfo tenderedDt="2015-05-26" dlvryCnfrmFlg="Y" actlDlvryDt="2015-05-27T00:00:00"/>                <ns5:scanInfo>                    <ns5:orgnlScan shpDt="20150526" rateSrcCd="SMP" acctNbr="603645200"/>                </ns5:scanInfo>                <ns5:weight>                    <ns3:rated val="1.00" UOM="L"/>                    <ns3:cust val="0.06" UOM="L"/>                    <ns3:actual val="0.06" UOM="L"/>                </ns5:weight>            </ns5:pkg>            <ns5:wghts>                <ns3:rated val="1.00" UOM="L"/>                <ns3:cust val="0.06" UOM="L"/>                <ns3:actual val="0.06" UOM="L"/>            </ns5:wghts>        </ns5:transportation>        <ns5:ratedOrigin sttnID="5531" region=" H" pstlCd="31599      " lglEnty="USA" currCd="USD" cntryCd="US" ID="NBWI"/>        <ns5:ratedDest pstlCd="96790      " lglEnty="USA" currCd="USD" cntryCd="US" ID="    "/>        <ns5:origin zone=" H" sttnID="5531" pstlCd="31599      " lglEnty="USA" currCd="USD" cntryCd="US" ID="NBWI"/>        <ns5:dest pstlCd="96790      " lglEnty="USA" currCd="USD" cntryCd="US" ID="    "/>        <ns5:qltyOfSvc svcRndrdCommitCd="false"/>        <ns5:automtnInfo revAcctngSrcSys="SMP" orgnlSrcSysID="SMPT" mtrNbr="100248204" dvcNm="SMP"/>    </ns5:svcInfo>    <ns5:publish type="PFI" tpcNm="FDXREV.Smartpost.Rated.Inbound" msgUID="1517102879860"/>    <ns5:revAcctngInfo revStgSqncNbr="1" revStgCd="1000" revCoCd="009" ldgrEnty="USA"/></ns5:PFIRated>]]></PFIRATED><RCCECONTROL><![CDATA[<?xml version="1.0" encoding="UTF-8" standalone="yes"?><RCCEControlMessage xmlns:ns2="http://ags.fedex.com/chagCodeCategory/" xmlns:ns4="http://xmlns.fedex.com/FDXREV.PFIRated.FXG/1.1.1" xmlns:ns3="http://xmlns.fedex.com/FDXREV.PFIRated.Shared/1.1.1" xmlns:ns5="http://xmlns.fedex.com/FDXREV.PFIRated/1.1.1">    <CompanyCode>009</CompanyCode>    <CreditTypeCode>X</CreditTypeCode>    <HashAmount>16.77</HashAmount>    <LineOfBusinessCode>00001</LineOfBusinessCode>    <NamespaceName>GNDR.PFI.SMP</NamespaceName>    <TransmitTimestamp>20150621 06:00:00</TransmitTimestamp>    <TransactionName>GRPUB</TransactionName>    <TransactionQuantity>1</TransactionQuantity>    <PublisherID>42</PublisherID>    <MessageID>1517102879860</MessageID>    <DebugInformationDescription>Debug Information for GRPUB</DebugInformationDescription>    <TimeZone>GMT</TimeZone>    <VersionNumber>1.2.9</VersionNumber></RCCEControlMessage>]]></RCCECONTROL></Message><Message><property><LineOfBusiness>00001</LineOfBusiness><INTERCEPT_CREDIT>N</INTERCEPT_CREDIT><BATCH_ID>20150621</BATCH_ID><MSG_UID>1517102879863</MSG_UID><PFI_REPLAY_ID>1517102879863</PFI_REPLAY_ID></property><PFIRATED><![CDATA[<?xml version="1.0" encoding="UTF-8" standalone="yes"?><ns5:PFIRated vrsnNbr="1.1.1" publisherID="4" msgUID="1517102879863" msgTmstmp="2015-06-21T06:00:00" coCd="009" xmlns:ns2="http://ags.fedex.com/chagCodeCategory/" xmlns:ns4="http://xmlns.fedex.com/FDXREV.PFIRated.FXG/1.1.1" xmlns:ns3="http://xmlns.fedex.com/FDXREV.PFIRated.Shared/1.1.1" xmlns:ns5="http://xmlns.fedex.com/FDXREV.PFIRated/1.1.1">    <ns5:rtngPrfl slctTmstmp="2015-06-21T06:00:00" revTranTypeCd="18" rateDt="2015-06-19T00:00:00" globalEntID="0">        <ns5:charges>            <ns5:charge ftrNbr="0.00" ctgyCd="N" code="050" PFI_ID="28798632" ID="ID_01">                <ns5:ratedAmt val="162.18" currCd="USD"/>            </ns5:charge>            <ns5:charge ftrNbr="6.50" ctgyCd="S" code="819" PFI_ID="28798633" ID="ID_02">                <ns5:ratedAmt val="10.54" currCd="USD"/>            </ns5:charge>        </ns5:charges>        <ns5:othrAmt>            <ns5:amt val="172.72" type="itemNet" currCd="USD"/>        </ns5:othrAmt>        <ns5:opCoSpecific>            <ns4:FDXFXG.RatingData versionNbr="1.1.1" svcCd="913" sortKey="803" custRefDate="2015-06-19">                <ns4:alternateInfo trkngNbr="            " pfxTrkngNbr="00000000"/>            </ns4:FDXFXG.RatingData>        </ns5:opCoSpecific>    </ns5:rtngPrfl>    <ns5:invcngRqstInfo ldgrCmpny="009" LOBCd="00001">        <ns5:billToInfo pymtPyrCd="3" pymtMthdCd="01" mediaTypeCd="0" currCd="USD" brkrNriInd="Y" blngCycleCd="00" bkrkInclInd="P"/>        <ns5:billToAddr lglEntity="USA" cntryCd="US" acctNbr="606468709"/>        <ns5:shpprAddr acctNbr="603645120"/>        <ns5:rcpntAddr state="PR" pstl="00961      " custNm="                                   " cntryCd="US" cmpnyNm="179801                             " city="BAYAMON             ">            <ns3:addrLn lineNo="1">River View                         </ns3:addrLn>            <ns3:addrLn lineNo="2">                                   </ns3:addrLn>        </ns5:rcpntAddr>        <ns5:refNotes purchOrdr="12345678901234500000000000000 " invoice="9000000013                    " dept="5N5IDBWU                      "/>        <ns5:rebill rsnCd="RTA" revStageSqncNbr="0" pkgSqncNbr="421141175" orgnlSrcSysID="MMAS" orgnlInvNbr="421141175" orgnlInvDt="2015-06-19T00:00:00" messageID="" empID="0000995000" RACN="6033"/>        <ns5:statCdInfo type="InfoMsg" engnCd="GD" code="5522"/>        <ns5:statCdInfo type="InfoMsg" engnCd="GD" code="5528"/>        <ns5:statCdInfo type="InfoMsg" engnCd="GD" code="5526"/>    </ns5:invcngRqstInfo>    <ns5:svcInfo trkngNbrPfx="61292000" trkngNbr="070320000166" svcDt="2015-05-27" sqncNbr="2879863" rqstdSvcCd="95" revDt="2015-05-27" ratedSvcCd="95">        <ns5:transportation totPkgQty="1" rcptMthdCd="R">            <ns5:pkg subClassPstlCd="P" srtHubDesc="New Berlin     " sqncNbr="421141175" ratedAsPkgngTypeCd="01" prcsCtgCd="I" prclSizeTypeCd="N" pkgngTypeCd="01">                <ns5:ID>                    <ns5:trkngNbrPfx>61292000</ns5:trkngNbrPfx>                    <ns5:trkngItmNbr>070320000166</ns5:trkngItmNbr>                </ns5:ID>                <ns5:dimensions>                    <ns5:rated wdthQty="4" ovrSzCd="N" lenQty="6" hghtQty="1" UOM="I"/>                </ns5:dimensions>                <ns5:dlvryInfo tenderedDt="2015-05-27" dlvryCnfrmFlg="Y" actlDlvryDt="2015-05-27T00:00:00"/>                <ns5:scanInfo>                    <ns5:orgnlScan shpDt="20150527" rateSrcCd="SMP" acctNbr="603645120"/>                </ns5:scanInfo>                <ns5:weight>                    <ns3:rated val="70.00" UOM="L"/>                    <ns3:cust val="70.00" UOM="L"/>                    <ns3:actual val="70.00" UOM="L"/>                </ns5:weight>            </ns5:pkg>            <ns5:wghts>                <ns3:rated val="70.00" UOM="L"/>                <ns3:cust val="70.00" UOM="L"/>                <ns3:actual val="70.00" UOM="L"/>            </ns5:wghts>        </ns5:transportation>        <ns5:ratedOrigin sttnID="5531" region=" P" pstlCd="53151      " lglEnty="USA" currCd="USD" cntryCd="US" ID="NBWI"/>        <ns5:ratedDest pstlCd="00961      " lglEnty="USA" currCd="USD" cntryCd="US" ID="    "/>        <ns5:origin zone=" P" sttnID="5531" pstlCd="53151      " lglEnty="USA" currCd="USD" cntryCd="US" ID="NBWI"/>        <ns5:dest pstlCd="00961      " lglEnty="USA" currCd="USD" cntryCd="US" ID="    "/>        <ns5:qltyOfSvc svcRndrdCommitCd="false"/>        <ns5:automtnInfo revAcctngSrcSys="SMP" orgnlSrcSysID="SMPT" mtrNbr="100243488" dvcNm="SMP"/>    </ns5:svcInfo>    <ns5:relatedTranInfo>        <ns5:trkngAssociation type="T" trkngNbr="000000000000" rltspCd="P" pfxTrkngNbr="00000000"/>    </ns5:relatedTranInfo>    <ns5:publish type="PFI" tpcNm="FDXREV.Smartpost.Rated.Inbound" msgUID="1517102879863"/>    <ns5:revAcctngInfo revStgSqncNbr="1" revStgCd="1000" revCoCd="009" ldgrEnty="USA"/></ns5:PFIRated>]]></PFIRATED><RCCECONTROL><![CDATA[<?xml version="1.0" encoding="UTF-8" standalone="yes"?><RCCEControlMessage xmlns:ns2="http://ags.fedex.com/chagCodeCategory/" xmlns:ns4="http://xmlns.fedex.com/FDXREV.PFIRated.FXG/1.1.1" xmlns:ns3="http://xmlns.fedex.com/FDXREV.PFIRated.Shared/1.1.1" xmlns:ns5="http://xmlns.fedex.com/FDXREV.PFIRated/1.1.1">    <CompanyCode>009</CompanyCode>    <CreditTypeCode>X</CreditTypeCode>    <HashAmount>172.72</HashAmount>    <LineOfBusinessCode>00001</LineOfBusinessCode>    <NamespaceName>GNDR.PFI.SMP</NamespaceName>    <TransmitTimestamp>20150621 06:00:00</TransmitTimestamp>    <TransactionName>GRPUB</TransactionName>    <TransactionQuantity>1</TransactionQuantity>    <PublisherID>42</PublisherID>    <MessageID>1517102879863</MessageID>    <DebugInformationDescription>Debug Information for GRPUB</DebugInformationDescription>    <TimeZone>GMT</TimeZone>    <VersionNumber>1.2.9</VersionNumber></RCCEControlMessage>]]></RCCECONTROL></Message></Ground>